Een prachtig en snel Chromebook, Toen ik de Lenovo S345-14 uit de doos haalde was ik meteen aangenaam verrast.
Een mooi design in de kleuren mat grijs en antraciet met een werkje in het keyboard gedeelte.
De Chromebook is echt een lichte krachtpatser. Hij weegt maar 2kg en voelt zeer degelijk aan.
De klep waar ook de monitor in zit gaat zeer soepel open en is in meerdere standen te zetten tot zelfs 180 graden waardoor je de gewenste kijkhoek goed kunt instellen.
Bij het opendoen van de Chromebook valt meteen het mooie matte 14 inch scherm op waarop de kleuren zeer goed tot uiting komen en het beeld ook een hele scherpe weergave heeft tot HD formaat.
Erg fijn is ook het toetsenbord met zijn stille aanslag en verlichte toetsen als het wat donkerder is. Een andere aparte ervaring is het geluid wat als het ware uit je toetsenbord komt. Dit wordt veroorzaakt doordat de speakers zich onder de Chromebook bevinden in plaats van naast het scherm.
De Chromebook heeft een snelle processor aan boord plus voldoende werkgeheugen en dat kun je merken ook.
Het is echt een heel mooi, degelijk en snel Chromebook.
De perfecte oplossing voor werken in de Cloud.
Heerlijke fohn, Zelf heb ik al diverse f√∂hns in mijn bezit gehad. Bij de een duurt het lang voor je haar eindelijk is droog gef√∂hnd en bij de ander wordt je haar veels te warm en gaat het pluizen. Deze f√∂hn heeft mijn verwachtingen overtroffen; f√∂hnt snel het haar droog, wordt niet te heet, lang snoer.  Zelf nog niet eerder een f√∂hn met coolshot-functie gehad. Ik moet zeggen dat dit mij goed bevalt, je haar is mooi glad ipv springerig en blijft langer mooi in model zitten. De opzetstukken zijn solide en je kan je haar er goed mee stylen. Enige nadeel is, dat de opzetstukken er met wat kracht opgezet dienen te worden. Verder een topf√∂hn!
Geweldig klinkende soundbar, Vandaag heb ik LG Soundbar DSN11RG ge√Ønstalleerd.
De ‚Äòunboxing‚Äô (het uitpakken van de verschillende apparaten) ging zeer vlot. Alle onderdelen zitten goed verpakt.
Enkel moet men er rekening mee houden dat de grootte van de doos nogal onhandig is om alleen te dragen.
De gebruiksaanwijzing is eenvoudig opgesteld. Eens de Google Home app is gedownload en de connectie met uw WiFi netwerk ok is loopt alles een trein.
Zelf heb ik de soundbar aangesloten via de meegeleverde optische kabel.
Spijtig dat er standaard geen HDMI bij zit voor mensen zonder optische in/out.
De subwoofer en de surround speakers zijn draadloos en moeten enkel 'gepaired' worden.
Zodra alles aangesloten is wordt je van je stoel geblazen door het verbluffende geluid. Alle zones zijn perfect regelbaar.
Kortom, een echte kanjer van een soundbar!
Krachtige f√∂hn, De Philips Pro Dryer HPS920/00 is qua uiterlijk al een erg mooie fohn. Het kleurgebruik van de f√∂hn spreekt me erg aan. Het geeft hem een chique uitstraling. Enige waar ik aan moest wennen was het gewicht maar dat was na een paar dagen al gewend.
Verder is de Philips Pro Dryer HPS920/00 een erg krachtige f√∂hn waardoor mijn haar in twee minuten al droog is. Wat ook erg prettig is, is dat er een knop op zit om met koude lucht te f√∂hnen wat toch beter is voor het haar.
Wat ook een een pluspunt is, is het langere snoer waardoor je wat meer bewegingsvrijheid hebt.
Heel tevreden over dit product!,Deze haardroger is zeer krachtig en blaast het haar droog in een wip. De warmte regeling is perfect. Ik ben zeer tevreden!
Mooie tv met snel besturingssysteem, Voor Reviewclub test ik momenteel deze XH90.
Mijn indruk na bijna twee weken is ontzettend positief. Natuurlijk zijn er wel op- en aanmerkingen, maar het is een prachtig ding!
Het installeren was ontzettend simpel, binnen 10 minuten vanuit de doos en aan. En dan begint het spelen met de mogelijkheden.
De voetjes zijn erg breed, zo‚Äôn 25 cm en de tv is behoorlijk dik: 7cm.
Aan de voorkant is hij prachtig om te zien. Een smal randje en verder niets.
Het beeld is prachtig en de instelmogelijkheden zijn uitgebreid, maar tegelijk ook simpel.
De full array leds voegen zeker iets toe. De contrasten zijn prachtig.
Het geluid daarentegen is een lichte teleurstelling. Het is helder, de effecten komen echt in de buurt van een Atmos ervaring, maar het ontbreken van de bas is een groot gemis.
Het besturingssyteem daarentegen is van grote klasse. Gemakkelijk te bedienen, veel mogelijkheden om bijvoorbeeld het inputmenu naar eigen smaak aan te passen en een enorme hoeveelheid apps die je kunt installeren. Zo heb ik Synology apps geinstalleerd  die de video‚Äôs op mijn NAS toegankelijk maken.
De Chromecast functie werkt prima.
De afstandsbediening is prettig en simpel in gebruik, vooral de Netflix knop is ideaal. Ook deze is bloedsnel. Helaas zit er geen backlight op de afstandsbediening, zodat de knopjes in het donker lastig te vinden zijn.
Het is wel aan te bevelen om goede HDMI kabels te gebruiken. Mijn oude kabels gaven wel wat problemen met mijn mediabox en Soundbar.
Al met al een prima, snelle tv met schitterend beeld. Gegarandeerd jaren plezier.
Atag i32EC, Sinds dec. 2016 hebben wij deze cv-ketel. Herhaaldelijk hebben wij aangegeven dat wij het niet warm krijgen. Zet je de thermostaat 1 graad hoger, dan duurt 4 tot 5 uur voor dat de nieuwe temperatuur bereikt wordt.
Iedere keer als ik hierover na ATAG bel, geven zij aan dat het aan de installatie in ons huis ligt en niet aan de cv-ketel. Met de vorige ketel, die wij ruim 18 jaar hadden, hebben wij deze problemen nooit gehad. Een oplossing komt er dus niet vanuit ATAG.
Mooi instapmodel, goed genoeg voor films, matig voor muziek, Vanwege een erg scherpe aanbieding in een winkel heb ik deze soundbar gekocht zonder te kunnen luisteren. Gezien de goede reviews heb ik die gok toch maar genomen.
De soundbar klinkt goed voor films, met een goede bas en een 'cinema' optie voor optimaal geluid. Ik luister echter ook vaker muziek op de soundbar via bluetooth en dat viel toch wat tegen. Een nogal blikkerig geluid. Ik kon hier ook na een aantal weken niet aan wennen waarna ik de Sj4 toch maar weer verkocht heb voor een ander model.
Prijs/kwaliteit goede koop, Ik mocht de LG DSP2 soundbar uittesten gedurende een week. De soundbar wordt geleverd zonder HDMI- maar met optische kabel. Ik heb hem aangesloten via HDMI op de tv. Om een optimaal resultaat te bekomen moet je hem net onder de onderzijde van je tv plaatsen. Twee muurbeugels worden meegeleverd. Op de bovenzijde zitten onopvallend de volumeknoppen, de aansluitingstoets, de bluetoothtoets en de aan/uittoets. De leds die het volume en de aansluitingen weergeven, zitten vooraan en zijn erg duidelijk. Achteraan is er eveneens een USB-aansluiting voorzien. Wifi connectie is niet aanwezig. De sound bar is redelijk compact en mooi afgewerkt met houtlookzijkanten.
Het geluid is zeer afhankelijk van de kwaliteit van het uitzendsignaal van de tv-zender maar is in het algemeen zeer zuiver. Het basgeluid van de subwoofer had naar mijn mening krachtiger gemogen. Het maximumvolume is meer dan voldoende voor de doorsnee woonkamer. Op de meegeleverde afstandsbeweging zitten 3 verschillende keuzetoetsen (standaard, bioscoop en game) en een   al sound pro   toets die de optimale geluidsinstelling detecteert volgens de ruimte waarin het geluid wordt afgespeeld. Deze laatste optie gaf mijn voorkeur omdat deze het geluid van zowel muziek als andere geluiden het best weergaf. Met de afstandsbediening kan je ook het basgeluid regelen. Spotify en Youtube konden via bluetooth eenvoudig gekoppeld worden en het geluid van deze bronnen was duidelijk beter en zuiverder dan het geluid van de meeste tv-zenders. Een echt bioscoopeffect heb ik niet kunnen ervaren. Prijs/kwaliteit en voor een beperkt budget vind ik de kwaliteit toch meer dan aanvaardbaar.
zeker een aanrader, mooi apparaat, Het is mooi voormaatje, hij geeft erg goed geluid, zowel als het luisteren van de radio, ook is hij geweldig met kijken naar tv of film, ben er erg tevreden over, het aansluiten is appeltje eitje, het enige nadeel wat ik ondervond was als ik naar de app ging op mijn telefoon, dat ik meerdere malen het knopje moest indrukken voordat ik met de app de soundbar kon bedienen, voor de rest geen aanmerkingen, ik zou m zeker aanraden.
De kleur vind ik ook mooi, hij is grijs zwart, de bedieningsknoppen bovenop zie je heel moeilijk, maar dat geeft ook wel zijn charmes, als ze te dik waren, was het waarschijnlijk erg storend, maar dat is nu niet het geval.
Een aanrader!, Deze soundbar heb ik een paar weken mogen testen en heb genoten van elk moment. Wat het meest opvalt is de helderheid van het geluid. Ik heb me nooit gerealiseerd hoe hard ik mijn vorige systeem had gezet om te begrijpen wat er gezegd werd. Deze DSP7 is zelfs op zachte volumes heel duidelijk te horen, en de hardste volumes hebben we niet kunnen proberen want je kan de buren doof maken voordat het geluid gaat vervormen.
Het was leuk om met de app te spelen maar voor dagelijks gebruik is die niet nodig. Ondanks dat de afstandbediening maar weinig knoppen heeft is de functionaliteit ervan duidelijk en in combinatie met het scherm op de bar is het duidelijk wat je aanpast.
De soundbar zit er heel simpel uit en juist door die simpele design valt hij helemaal niet op. Dat vind ik een voordeel want een geluidsysteem moet niet opscheppen met design maar met geluid, en dat is hier zeker gelukt.
Het duurde even voordat alles goed aangesloten was. De TV die wilde eerst namelijk niet op de soundbar afspelen (een instelling stond verkeerd) maar toen ik daar eenmaal achter was heb ik geen enkele keer in de gebruiksaanwijzing hoeven kijken.
Als mensen het hebben over hun mooie home cinema hebben ze het altijd over de tv en hoe mooi die is. Deze soundbar bewijst dat geluid een heel belangrijk onderdeel is van de bioscoop ervaring. Door het geluid die deze produceert heb je echt het gevoel dat je midden in de actie zit. Je voelt de bom inslagen in je borst, maar je hoort ook de kleine bries door de bomen fluisteren.
Scherp en groot scherm, Ik heb de monitor nu bijna 2 weken in gebruik en blij verrast door het zuivere beeld, de grootte van het scherm en het feit dat je er verschillende modes zijn om de kleuren in te stellen, zodat er altijd √©√©n is die goed voldoet aan je wensen als je een hele dag naar een ‚Äòscherm‚Äô zit te staren.
Het uitpakken en installeren was peanuts. Het enige wat je nodig hebt is een platte schroevendraaier om de poot aan het scherm te bevestigen. De meegeleverde HDMI-kabel is ook handig als je gelijk door wilt pakken (zodat je niet nog ergens moet gaan zoeken of je nog een HDMI-kabel hebt liggen). Het was daarom ook erg verrassend toen ik elke keer de melding kreeg of ik wel de juiste HDMI-kabel gebruikte (HDMI compatibility mode). Ik kreeg het ook niet weg met de muis, maar deze melding kan je voor eens en voor altijd verwijderen doormiddel van de knop (4 way controller) die aan de onderkant (in het midden) van je scherm zit. Met deze 4 way controller kan je ook bijvoorbeeld de kleurinstellingen en de audio instellingen wijzigen.
Ik vind van de kleurinstellingen bijvoorbeeld de ‚Äòcinema mode‚Äô het fijnst aan mijn ogen, omdat dit wat minder hard oogt (wat geliger). De ‚Äòreader mode‚Äô zou voor minder vermoeide ogen zorgen, maar ik vind dit zelf iets te flets. Deze weergave is wel vergelijkbaar met die van een e-reader, dus ik kan me goed voorstellen dat dit voor andere mensen juist heel fijn kan werken. 
De monitor ziet er erg strak uit en ondanks de grootte van het scherm (34 inch is niet bepaald klein) heb ik voldoende ruimte over op mijn bureau om mijn laptop, losse toetsenbord, een documentenhouder etc. kwijt te kunnen. De monitor is ook in hoogte verstelbaar, dus dit scherm is ook ergonomisch verantwoord.
Al met al ben ik zeer tevreden over de monitor an sich. Het scherm van mijn laptop heb ik niet meer nodig, omdat dit scherm zo groot is dat ik alle programma‚Äôs die ik tegelijkertijd gebruik naast elkaar open kan zetten. Ik gebruik ongeveer 5 tot 7 programma‚Äôs, maar heb er vaak 2 a 3 naast elkaar openstaan, omdat dit voor mij het overzichtelijkst werkt.  
De Maxx audio zou ervoor moeten zorgen dat er een mooi geluid uit de monitor zou komen. Persoonlijk vind ik het erg blikkerig klinken en gelukkig heeft dit voor mij niet zoveel waarde, maar als dat een belangrijk punt is voor het kiezen van een monitor, dan is dit echt wel een van de weinige minpunten.
Ik gebruik deze monitor toch voor het overgrote gedeelte voor mijn werk en nu in coronatijd zijn vele vergaderingen online. Het had daarom wel handig geweest dat er een webcam aanwezig was geweest op de monitor, want nu moet ik daar alsnog mijn laptop voor gebruiken.
Erg fijne f√∂hn, Ik heb deze f√∂hn nu zo'n twee weken in huis en ik ben er heel tevreden over.
Ik vind de f√∂hn prettig licht om in mn hand te hebben. De verschillende warmte standen vind ik ook prettig. Ik gebruik eerst de warme stand, als mijn haar nog erg nat is. Zodra het wat droger begint te worden schakel ik over op de minder warme stand. Zo krijg ik mijn haar snel droog, maar beschadigd het niet. De coolshot vind ik ook handig, als ik hairspray heb gebruikt.
Ik merk dat mijn haar minder pluizig en statisch is nu ik deze f√∂hn gebruik.
De diffuser heb ik ook gebruikt, ondanks dat ik geen krullend haar heb. Ik vind het prettig dat mijn haar met de diffuser niet alle kanten op blaast.
Doordat de achterzijde uitneembaar is, is de f√∂hn makkelijk schoon te maken.
De f√∂hn is echter niet erg geluidsarm. Ik vraag me af of een f√∂hn dat sowieso wel kan zijn. Ook gezien het feit dat een f√∂hn toch hard moet blazen en je 'm vlak naast je oor houd.
Deze f√∂hn maakt wel minder geluid dan de f√∂hn die ik al had. Die geen ik nu aan mn dochter. Want deze is prettiger in gebruik.
Erg fijne fohn voor een zachte prijs, Ik ben heel tevreden met de Thermacare Pro Haardroger D5715! In een mum van tijd wordt mijn haar droog zonder het daadwerkelijk uit te drogen, want mijn haar ziet er na het fohnen veel gezonder uit. Ook is de fohn erg licht, waardoor het lekker in de hand ligt. De fohn wordt verkocht als een geluidsarme fohn, maar ik moet eerlijk zeggen dat de fohn veel lawaai maakt, zeker niet minder dan andere fohns die ik in het verleden heb gehad. Ook de snoer had naar mijn mening iets langer gemogen. Maar al met al een hele krachtige en goede fohn voor een schappelijke prijs.
Mooie grote smartphone precies goed!, Ik ben in de gelegenheid gesteld om deze Alcatel 3X (2020) te testen voor 4 weken.
Ik ben zeer te spreken over het toestel. Alles wat je van een SmartPhone mag verwachten zit erin.
Prima groot beeldscherm, prima camera, veel geheugen, dual SIM, lekker snel. Ziet er solide en luxe uit. Wat wil je nog meer. Bovendien zeer betaalbaar. Ik ben om, ware het niet dat ik zakelijk een veel duurder toestel mag gebruiken. Alleen daar zie ik na het testen van de Alcatel 3X de meerwaarde niet meer van in.
Fijn en effectief appraat,Na een lange zoektocht ben ik bij dit apparaat uit gekomen. Ik heb het al een aantal keren gebruikt. Het is even een zoektocht wat wel en niet kan qua huid maar de beschrijving is duidelijk. Het resultaat is dat de haar groei is afgenomen. Het doet geen pijn en het is makkelijk dat er geen batterijen nodig zijn. Het opladen werkt makkelijk enkel kost dat even tijd. Ik heb het product als kerst cadeau gekregen. De bezorging verliep ook vlot en snel.
Huawei P30, Voor mij heeft het toestel √©√©n minpunt,, en dat is de geluidskwaliteit!
Als je van muziek luisteren houd is dit toestel geen aanrader, dat is jammer want verder is het een fijn toestel.
Mooi design, verbluffende camera, prettige telefoon!, De LG Q60! Qua design van het toestel ging mijn voorkeur uit naar de kleur die beschreven werd als ‚ÄòMorrocan Blue‚Äô en daarin werd ik niet teleurgesteld. Het toestel heeft een schitterend glanzend blauwe achterkant, kleine notitie; vingerafdrukken zijn hierop wel snel zichtbaar. 
Het toestel is 6,26 inch groot en dit is voor iemand met mijn formaat handen aan de grote kant, toch ligt het toestel erg prettig in de hand, vanwege de afgeronde hoeken en rondere zijkanten. Tot nu toe is de telefoon gelukkig nog niet uit mijn handen gevallen, maar het gebruiken van de vingerafdruksensor aan de achterkant, vraagt wel wat behendigheid in het begin, zeker als je gewend was de vingerafdruksensor voorop het toestel / in het scherm te hebben.
Het toestel biedt voldoende functionaliteiten om hem in de ‚Äòmedium‚Äô categorie te plaatsen, de speakers zijn goed, niet verbluffend. Het speciale 3D-geluid kon ik niet echt vaststellen, maar misschien ben ik daar gewoon niet muzikaal genoeg voor.
De Google Assistant button‚Ä¶ leuk bedacht, irritant in gebruik. Na een aantal weken heb ik geleerd om de knop aan de zijkant te ontwijken, zodat ik niet steeds onnodig Google Assistant open. Wat mij verbaasde was dat de Google Assistant niet met je stem en ‚ÄòOK Google‚Äô te activeren is, zou kunnen dat ik dit niet goed heb weten in te stellen, maar daardoor is de functionaliteit hiervan voor mij niet zozeer aanwezig. Verder kun je er wel alles in opzoeken en dat kan soms onderweg met 1 druk op de knop erg handig zijn.
De camera‚Äôs zijn wel echt top! De combinatie van de frontcamera van 13 megapixel en de Portrait functie leveren resultaten die niet onder doen voor de nieuwere generatie van Iphone en ook de AI Cam zorgt voor net even iets betere foto‚Äôs dan ik normaal met een smartphone zou nemen. Ik merk daardoor dat ik ook bij moeilijkere lichtomstandigheden toch nog wel naar de LG Q60 grijp en de telefoon zelf daarin de juiste instellingen regelt.
Helaas vond ik de beeldkwaliteit wat tegenvallen voor de grote van het scherm. Dit wordt snel wat pixelerig en in vergelijking met andere toestellen ogen de kleuren wat grauw.
Al met al een zeer prettig toestel om te gebruiken wanneer je geen spectaculaire hoogstandjes verwacht en gewoon een mobiel wil met de ‚Äòstandaard‚Äô functies en wat extra‚Äôs (zoals een goede camera, Google Assistant, duo-sim, 3D-geluid  , paar leuke extra handigheidjes en een camera voor mooie foto‚Äôs on the go üòä
Mooi en makkelijk in gebruik toestel, Ik heb dit toestel nu een paar weken in huis om te testen. Het eerste wat opviel was dat hij makkelijk in gebruik is, lekker in de hand ligt en lekker snel is. Bij de beschrijving stond dat het toestel echt zeer goed was is foto's, dat vind ik eigenlijk het enige echte minpunt van het toestel. Het is een perfecte camera voor gewoon normaal gebruik, maar hij komt hier wel echt op tekort. Als je hem vaak gebruikt moet je hem af en toe ook even opnieuw opstarten, maar dat is echt geen probleem. Hij doet verder echt alles wat je van een telefoon mag verwachten en meer. Echt voor de prijs een prima toestel echt waar voor je geld.
Erg blij mee., Deze telefoon is erg makkelijk in gebruik. Het is een fijn model die goed in de hand ligt en een mooi design heeft, het feit dat er geen home knop op zit geeft je extra beeld en daardoor wordt de telefoon makkelijk in gebruik. De prijs-kwaliteit verhouding vind ik erg goed. De telefoon maakt ook mooie foto‚Äôs, vooral de ‚Äòfood‚Äô functie geeft erg veel diepte en extra kleur in de foto. De batterij gaat ook lang mee. Een minpunten die ik ben tegengekomen zijn de smileys, deze zijn een beetje gek (misschien komt dit doordat ik een IPhone ben gewend). Er zat ook geen gebruiksaanwijzing bij, dit was wel jammer. Ik heb ook gemerkt dat het scherm niet erg scherp is, dit verandert overigens niet als je de helderheid op het hoogste niveau zet. Mijn conclusie is dat dit een hele goede telefoon is en dat je veel krijgt voor de prijs. Ik ben er heel erg blij mee.
Groot scherm, mooie fotos, De LG Q60 in het blauw is een mooi design van LG. De blauwe kleur is een beetje oceaan blauw. Verder heeft de telefoon een groot scherm waardoor alles goed te lezen en te zien is. Het mooiste van dit toestel is denk ik wel alle camera's die erop zitten. voor zit een mooie selfie camera en achter zitten maar liefst 3 camera's waardoor je ook wide fotos kunt maken.
Verder is de telefoon super snel met dit besturingssysteem, waarbij je als je android gewend was, niks opnieuw hoeft te leren.
De telefoon is ook robuust waarbij het scherm niet helemaal tot de randen loopt waardoor het scherm denk ik minder snel kapot gaat.
De vingerscan achterop geeft snel en makkelijk toegang tot de telefoon en tot andere apps als je ervoor kiest. Bij mij werkt deze erg goed.
Overall denk ik een goede telefoon voor deze prijs.
Handige stofzuiger, De steelstofzuiger is voorzien van een uniek en licht design. Je gaat liever gaan stofzuigen, doordat je niet meer moet sleuren en onnodig bukken. Al het haar en vuil neem je gemakkelijk weg door de lichtjes aan de voorkant van de zuiger. Je ziet ook wanneer je nog eens extra over iets moet gaan.
De stofzuiger is voorzien van een turbostand, deze gaat beter wanneer je huis ook vuil is met bv. aarde; Het design is zeer mooi en de kruimeldief neem je gemakkelijk af. De verschillende opzetstukken zorgen ervoor dat je ook zetels, stoelen, werkbladen ed. kan kuisen. 
Een minpunt is dat de stofzuiger niet onder het bed kan en andere lage kieren. Vergeet ook niet de haren die vastzitten los te knippen en op te zuigen om maximale kracht te behouden.
Prima toestel!
Super, Ik ben zeer tevreden over de braun silk pro expert 5 pl 5115.
Hij doet wat hij beweert en verwijderd haren voor lange tijd.
het ontharen neemt wel even tijd in beslag maar het haar blijft hierna ook veel langer weg.
Ik ben zeer blij dat ik het product getest heb.
Het is makkelijk in gebruik en dit had ik vooraf niet verwacht.
Goede airco voor kleine ruimtes, Ik heb deze airconditioning mogen testen. We waren al opzoek naar een goede airconditioning voor niet al te grote ruimtes.
We hadden de airconditioning als eerste beneden geplaatst om te zien of hij dat koel kreeg. Het lukte redelijk maar de ruimte (55m2 ongeveer) was toch iets te veel om goed koud te krijgen.
Uiteindelijk hebben we hem naar biven geplaatst op de slaapkamer en daar deed hij het echt goed. Het word daar heel erg heet omdat de avond zon erop staat, vaak 31 graden. We hebben de airco 2 uurtjes voor het slapen gaan aangezet en hij koelde het terug tot een aangename 24 graden.
We hebben wel een andere raamafdichting aangeschaft omdat de afdichting die erbij zat helaas niet paste op ons raam.
Door de wieltjes is hij erg mobiel en dus makkelijk te verplaatsen. Wel is hij wat zwaar.
Hij maakt redelijk wat geluid maar het is niet vervelend. Helaas zit er geen nachtstand op waardoor hij dus de hele nacht wel redelijk wat geluid blijft maken.
De afstandsbediening werkt prima en is ook op verdere afstand goed te gebruiken.
Al met al ben ik zeer tevreden over de airconditioning.¬† Door het kleine compacte model past hij prima in kleine ruimtes.
Fijn scherm!, Ik heb deze telefoon gekregen om te testen! Toen ik hem uitpakte was het gelijk van 'o, handig scherm'. Hij ziet er cool uit! Wij zijn op zoek naar een telefoon om foto's mee te maken en om kinderen spellen te laten spelen. De foto's die ik ermee gemaakt hebt zijn super! De camera werkt goed en handig. Ik ben niet echt een ster in elektronica, maar deze smartphone is heel makkelijk in gebruik. Wel is het zo dat als je heel veel spelletjes achter elkaar speelt de smartphone een beetje hapert. Maar dat is tot nu toe bij elke smartphone die we hebben gehad. Fijn apparaat!!
Perfecte tablet,Ik zocht een witte tablet van 10 inch voor een redelijke prijs en dat is gelukt. De vorige had te weinig geheugen en oo Android 5 wat tegenwoordig lastig wordt.
Met recht een  premium' tv, De Sony XG85 is een prachtige tv met een modern slank design gemaakt van metaal. Mooie smalle metalen bezels die zorgen dat de nadruk echt volledig op het beeld ligt. Onder het Sony logo een chique witte led waarvan je kunt instellen hoe fel hij brand en of hij √ºberhaupt brand (en je kunt eventueel instellen dat hij alleen op licht als je op een knop van de afstandsbediening drukt). De aansluitingen die je hoogstwaarschijnlijk gebruikt (usb, hdmi ARC, Ethernet) zijn allemaal logisch richting de zijkant geplaatst zodat je hem mooi op kunt hangen. De smartcard is zelfs helemaal weg te werken achter een klepje. De stroomkabel is helaas niet los te koppelen waardoor je dus met de breedte van de stekker te maken hebt als je de kabel ergens doorheen moet voeren.
De voetjes zijn mooi bescheiden en makkelijk te (de)monteren, als je ze eronder laat kun je er zelfs de kabels doorheen loodsen zodat deze mooi zijn weggewerkt.
De afstandsbediening is een goed afgewerkt standaard model. Ik mis echter een pointer zoals ik op mijn vorige Samsung TV had (met de werking zoals een Nintendo Wii), tekst intypen word ik niet vrolijk van via een schermtoetsenbord. Hiervoor is dan spraakherkenning toegevoegd, maar dat gebruik ik in de praktijk ook maar weinig, wellicht dat dit in de toekomst meer wordt, tegen mijn Google home praat ik ook nog niet zoveel‚Ä¶
De beeldkwaliteit is echt een grote stap voorwaarts vanaf mijn Samsung UE48H6500 uit 2014. Dit is natuurlijk niet helemaal een eerlijke vergelijking, maar de stap van 48 inch naar 55 inch, van full hd naar 4k en naar betere local dimming is zeker de moeite waard.
Als ik ze naast elkaar heb staan vallen mij ook echt de zwartwaardes op, deze zijn veel beter op deze Sony, hoewel het natuurlijk geen oled is is het wel een wereld van verschil met mijn vorige tv. Ik heb op youtube wat 4K demo‚Äôs laten draaien, dit geeft de tv echt prachtig weer, een genot om naar te kijken.
Er draait Android tv op als besturingssysteem, met Kodi als mediaspeler kan ik perfect de homevideos van mijn NAS streamen, ideaal dat dit zonder externe box kan. De Android apps als Netflix en videoland draaien heerlijk snel, je drukt op de knop en de app is er gelijk, je kunt echt merken dat er een snelle processor in deze tv zit. Ook het zappen en switchen van tv naar apps gaat hierdoor heel soepel. Dit went zo snel dat ik echt niet meer terug zou willen naar mijn oude tv.
Al met al is de Sony duidelijk een premium tv en wat mij betreft zijn prijs zeker waard.
Stakke TV met een dun randje, die echt binnenkomt, Ingebruikname:
Na installatie was het even wennen om een 55 inch tv te hebben staan. De tv die het veld moest ruimen was nl 32 inch...
Design:
De XG85 van Sony is een mooie tv met een strak design. De dunne metalen randen maakt dat de nadruk ligt op het zwarte scherm.
De pootjes zijn onopvallend doordat ze maar enkele millimeters breed zijn. Qua design dus ook mooi passend bij de dunnen metalen rand van het scherm.
Mooi is ook dat ie wat hoog op z'n pootjes staat zodat een soundbar en een decoder er mooi onder passen.
Beeld:
De beeld is echt prachtig; diepe kleuren, zwart is ook echt zwart, ondanks dat het geen OLED scherm is. Het beeld vloeit ook goed. Bij snelle bewegingen, zoals bij voetbal, zie jou nauwelijks vertragingen. De kijkhoek is uitstekend. De hele zithoek kan het beeld goed zien.
Niet de hele familie is (nog) blij met het beeld en het formaat ervan. Het beeld is voor een enkeling behoorlijk indringend en fel. De kleuren zijn erg intens, ondanks het aanpassen van de instellingen! Smaken verschillen zullen we maar zeggen. 
Geluid:
Voor een TV met speakers aan de achterkant klinkt deze goed. Het geluid, met name stemmen, zijn helder. Ook na aanpassing in EQ is het basgeluid aan de mindere kant. Voor films is een soundbar (met evt een subwoofer) aan te bevelen.
Besturingsysteem:
Deze Sony heeft als besturingsysteem 'Android'.  De ge√Ønstalleerde apps zoals Youtube, Google play en Netflix werken vloeiend. Het installeren van de tv ging bijna vlekkeloos.. De draadloze internetverbinding was onstabiel waardoor ik de tv aangesloten heb met een internetkabel. 
Chromecast:
Deze future is een handige toevoeging. Via Google assistant is deze makkelijk via stem te bedienen. Het streamen van media vanaf mijn iPhone is net wat minder uitgebreid dat vanaf een android toestel. Wat ik handig had gevonden is dat chromecast ook actief zou zijn als de tv in standby modus stond, zodat ik deze via Google Assistent kan inschakelen.
Groot helder scherm, Bij openen van de doos viel gelijk op dat het om een groot toestel gaat, dat staat wel in de beschrijving maar in het echt valt het toestel dan nog wat groter uit. Het installeren ging erg snel en updates werden vlot ge√Ønstalleerd.  Het toestel voelt ondanks alle aandacht voor de materialen wat licht en goedkoop aan. De bediening met 1 hand is door de knoppen niet echt goed te doen.  Dan uiteraard wat een van de belangrijkste kenmerken is van de telefoon... de camera.  Verschillende foto's gemaakt.  Het foto's maken gaat vlot en de foto's zijn goed van kwaliteit, als je ze vervolgens overzet naar PC en bewerkt zie je dat de kwaliteit bij inzoomen niet  zo goed is als bij de topmodellen. Maar voldoende om ze online te publiceren en een leuk album van af te drukken. Het kijken van video was prima en ging goed.  Ook games liepen vrij soepel. Al met al voor deze prijs een prima kwaliteit en middenklasse telefoon.
Goede telefoon voor een nette prijs., Prima telefoon die in het dagelijks gebruik volgens mij niet echt onderdoet voor veel duurdere modellen van andere merken.
Ondanks de grootte ligt hij netjes in de hand, bediening met 1 of 2 handen is goed mogelijk. Het scherm is lekker groot en helder genoeg, de resolutie is goed voor alles dat ik er mee gedaan heb. Geluidskwaliteit is prima, zelfs door de ingebouwde speakers. Doordat de speakers aan de onderkant van het toestel zitten is de plaatsing van het toestel tijdens het luisteren ook niet zo belangrijk maar klinken ze gewoon altijd goed. Via mijn headset is de geluidskwaliteit al helemaal perfect.
De processor en het geheugen lijken alles aan te kunnen, ook games draaien prima.
Foto's zijn erg helder, erg mooi. De diverse standen zoals portretfoto's werken prima. Ook in het donker zijn de resultaten zeker niet slecht.
Enige minpunt dat ik heb kunnen ontdekken is dat de vingerafdrukscanner erg gevoelig is, waardoor hij soms als je het toestel op de tafel legt al denkt dat hij moet scannen. Dit gaat niet zo ver dat hij daardoor op slot gaat of zo dus dat is verder ook zeker geen ramp.
Al met al een prima telefoon, en al helemaal als je bekijkt hoe de prijs/kwaliteit verhouding is ten opzichte van de marktleiders.
LG Q60, Ik heb een aantal weken de LG Q60 mogen testen. Het eerste wat opvalt is het grote scherm. Een stuk groter dan mijn eigen Samsung dus dat is al een pluspunt. Nadeel is de lage resolutie (1520 bij 720 pixels). Ik vond de kleuren wat flets overkomen. Lekker series of YouTube kijken valt dan toch wel tegen. Camera is goed, vooral de groothoeklens is erg fijn. De vingerafdruk aan de achterkant is erg handig, alleen is een hoesje niet mogelijk. (of er moet een speciaal hoesje hiervoor zijn) LG Q60 voelt fijn in de hand, ondanks de grootte goed te besturen. Wat ook erg fijn is de mogelijkheid tot uitbreiding van geheugen door middel van een microSD-kaartje. Al met al een fijne mobiel als je niet teveel eisen hebt wat betreft de scherpte van het scherm.
LG strak design, mooi geluid, De LG Soundbar heb ik nu bijna 4 weken in gebruik. Het geluid van onze tv is eigenlijk al heel goed, maar toch overwogen om een soundbar aan te schaffen. In het begin dacht ik dat er weinig verschil in het geluid zat, maar als je de soundbar nu niet meer gebruikt hoor je duidelijk het verschil. Het design van de soundbar is erg strak. Een mooie mat zwarte ‚Äòbox‚Äô met het ijzeren gaasnetwerk eromheen. Het display is vrij klein. Wat mij betreft had dit iets groter mogen zijn zodat er niet alleen afkortingen worden weergegeven op welke stand de soundbar staat. Daarnaast lijkt dit niet uitgelijnd te zijn, aangezien het schermpje niet in het midden zit, maar meer aan de rechterkant. Het laatste minpunt aan het schermpje vind ik dat deze de gehele tijd aan blijft staan. het kan afleidend zijn van het tv kijken. Het geluid uit de soundbar maakt echter deze pietluttige minpunten weer goed. Waardoor ik zeer tevreden ben.
Mooi design, groot van omvang, De LG DSN9YG is een soundbar met de nodige ballen die hij zeker laat horen wanneer je zijn volume de hoogte in jaagt, ideaal om jouw in een film of een game mee in te slepen en van ider klein detail te laten genieten.  De Google cast functionaliteit is hier een mooie toevoeging, je kan deze nodige decibels en fantastische klanken ook gebruiken voor je favoriete songs als je bv aan het thuiswerken bent.
De AI sound Pro is het paradepaardje van deze soundbar, door een AI room calibration door te voeren zou de soundbar geoptimaliseerde geluidskwaliteit voor de geplaatste ruimte leveren.
Tip: doe deze calibratie liefst overdag waar je al wat lawaai mag maken, want het kan wel heel luid zijn.
Je kan na het uitvoeren van deze calibratie voor en na geluid horen, persoonlijk merkte ik hier niet zoveel verschil in.
Subliem geluid!, De afgelopen weken heb ik de LG DSP9YA mogen testen.
Ik ben erg tevreden over dit product. Het was makkelijk om te installeren (Enige nadeel is dat als jouw TV geen ‚Äúoptical out‚Äù aansluiting heeft en je ook eigenlijk aan √©√©n HDMI poort te weinig hebt als je meer dan een TV ontvanger wilt aansluiten). Het design is erg strak en alles is mooi afgewerkt.
Eenmaal aangesloten is de bediening erg makkelijk, zelf had ik er geen handleiding voor nodig. Ook muziek cast je heel makkelijk via wifi naar de Soundbar toe.
Door het vele aantal speakers aan diverse kanten komt het geluid overal goed terecht in de kamer. En hierdoor klinkt het alsof je een surround set hebt staan. De bass is niet overheersend in het geheel. Mocht dit wel zo zijn dan kun je via de ‚ÄúLG Sound Bar‚Äù-app de toonregeling nog aanpassen.
Met de bijgeleverde afstandsbediening kun je de verschillende toonregeling presets oproepen en makkelijk tussen geluidsbronnen schakelen.
Niet wat ik had verwacht, Sinds een paar weken gebruik ik de oortjes van LG. Helaas vallen ze mij tegen. De kwaliteit van het geluid is niet wat ik ervan had verwacht. Ze beloven 'ambient sound', die is heel erg slecht. Geluid is niet naar behoren en wat ik gewend ben bij andere oortjes. De bas klinkt helaas ook niet goed. Het zou moeten zijn dat als je de oortjes in hebt je de omgevings geluiden dempt, dat maakt geen verschil.
De oortjes zijn makkelijk te bedienen, dat is een pluspunt. De knopjes reageren snel dat is voor het bellen fijn. Geluid zachter of harder doen werkt prima.
Wat ook een pluspunt is dat het een fijn idee is dat er antibacterieel licht is gebouwd in de case. Ze zijn ook zuinig in gebruik.
Conclusie; de oortjes bedienen werkt goed, zitten goed in de oren, maar voldoen niet aan alle aspecten die ze beloven.
Benq SW271C,This is great monitor for both phot editing and video editing. The updated model does not show any light bleading as the previous model (Benq SW271). It is factory calibrated for perfect colors and havs 16-bit LUT. Best in its class; maybe a bit pricey compared to previous model.
Mooi design en leuke aanvulling bij dagelijkse schoonmaak,een handige steelstofzuiger dat je zeker helpt bij het dagelijks netjes houden van je huis. Het licht helpt je om stofdeeltjes enz goed te zien. Jammer genoeg is motor onderaan te dik om onder de  zetel of kast te kunnen. Met een kind en verschillende huisdieren in huis is deze stofzuiger eigenlijk een goede aanvulling om dagelijks even snel al het vuil op te ruimen. Ook de brush roll clean om de hondenharen te verwijderen is zeker een pluspunt. Het design is ook zeker een pluspuntje en de dochter neemt  nu zelf ook de stofzuiger af en toe ter hand. Dus ook door kinderen goed te gebruiken. Alleen het kleine opvang reservoir is een minpuntje. Maar door regelmatig te ledigen kan je snel terug aan het werk.
Handig voor erbij,niet als vervanging stofzuiger, Ik heb deze steelstofzuiger nu twee weken uitgeprobeerd. Het is handig om even erbij te pakken na een ongelukje of zo. Toch vind ik de zuigkracht maar matig. Vogelvoer aan de ene kant van de kamer opgezogen, viel er in de andere kant van de kamer weer uit. Op vloerbedekking gaat het beter dan op een gladde vloer merkte ik. Na een keer of vijf nam de zuigkracht ineens af. De filter was al verstopt. Uitkloppen en de zuigkracht was weer terug. De borstel die bij de kruimeldief hoort draait niet rond, terwijl dat volgens mij wel zou moeten. Om echt schoon te maken toch even de sledestofzuiger gepakt....
Hoogwaardig toestel, De Braun Silk-Expert Pro 5 heeft een mooi design en wordt in een hoogwaardig tasje geleverd. Nadat ik het product ongeveer 2 weken testte, kan ik zeggen dat het ontharen eenvoudig, snel en pijnloos gaat. Ik ben tevreden over de gebruiksvriendelijkheid, hoewel een geruwde in plaats van een vlakke oppervlakte voor een betere grip had gezorgd. Ik merk ook dat mijn haartjes minder vlug terugkomen als normaal. Het toestel doet wat ik ervan verwachtte.
, Na een paar weken deze braun ipl te gebruiken, zie ik toch al resultaat. Wat meteen opviel bij het uitpakken is het design van het apparaat zelf met een elegante uitstraling. De kabel is wel wat kort maar is niet echt een probleem. Ik had voorheen wel eens van   IPL-ontharing gehoord, en was dus erg benieuwd. Na enkele sessies testen met het product was de haargroei merkbaar verminderd. De haartjes groeien veel trager terug en zijn ook veel dunner. Op sommige plaatsen groeien er geen haartjes meer. De pijn valt goed mee op de hoogste stand voel je een schok maar op lagere stand is het pijnloos, ik heb dit product ontvangen om te testen, en kan dit product zeker aanbevelen!
Superfijne airco!, Ik heb erg enthousiast over de airco van Eden. Wij hebben deze mogen testen en om deze uit te testen hebben wij hem op de zolder gezet, dit is onze warmste kamer in huis dus een betere ruimte om hem goed te testen is er niet.
De installatie is ontzettend makkelijk en alles staat duidelijk beschreven. Wij hebben een speciale aansluiting voor een Airco op de zolderkamer dus geen gedoe met een raam die open moet blijven.
Het is echt inpluggen en aanzetten, meer is het niet en je voelt direct de koude lucht komen.
Wat heerlijk dat je van zo‚Äôn warme kamer een kamer kunt maken waar je juist lekker kunt afkoelen.
Daarnaast is de airco echt in een kleine compacte vorm en super wendbaar dus het is ook echt geen sta in de weg. Je rolt hem zo aan de kant indien nodig.
Hij is heel makkelijk de bedienen, je kunt hem op het apparaat zelf bedienen of via de meegeleverde afstandsbediening.
Qua geluid vind ik hem niet heel storend maar als hij echt goed zijn best moet doen zou hij wel wat meer geluid kunnen produceren. Maar ik heb liever een beetje geluid dan een hele warme klamme ruimte.
We kunnen de airco echt niet meer wegdenken, wat een verademing.
Echt een aanrader dus!
Mooie wasmachine stil erg veel functies., Wij hadden hiervoor ook een AEG wasmachine,we hebben daar 14 jaar zonder problemen mee gewassen dus onze keuze was snel gemaakt,de wasmachine is niet duur en toch een hoge kwaliteit
Met 1 woord SUPER!!!, Eindelijk weer frisse schone was!! Moet soms gaan kijken of hij echt wel aan staat , zo stil is hij tegenover mijn vorige.  Als deze nu ook 23 jaar meegaat als mijn vorige ben ik helemaal tevreden natuurlijk!!!
Prima, Dit  is fantastisch makkelijk in gebruik zelfs voor mij 85 jaar .
Iedereen kan het
IDIAAL het is zeer aan te bevelen mooie vormgeving .
 Heb hem ook s,nacht om
super-functional device, The Pro hair dryer is very good for my hair, it dries quickly without overheating.
The cable is long enough for easy use (2.5 M).
The tips are easy to place and remove.
The Pro hair dryer is a very nice design.
The instructions are not very practical to read.
I'm very happy with it!
Haarscherp beeld op een groot scherm, Ik heb de Sony XG70 55 inch nu een paar weken in huis. 55 inch is echt een heerlijk groot scherm. De kleuren spatten niet van het scherm, doordat het   mat   lijkt. Mijn oude tv had een soort glimmend scherm, waardoor de kleuren veel sprankelender leken. Dit scherm geeft echter een heerlijk rustig beeld om naar te kijken. Ook kijken vanuit een andere hoek gaat heel goed, terwijl ik bij mijn oude TV echt alleen recht voor het scherm goed zicht had. Het geluid wat uit het apparaat komt is goed. De vormgeving vind ik erg mooi. Een hele smalle rand en minimalistische pootjes. Hij staat dus heel mooi op de kast. VOor mij is een nadeel dat de KPN iTV app niet te downloaden is op een Sony apparaat. Je moet het KPN kastje dus aansluiten om tv te kunnen kijken. Een ander puntje van kritiek is het menu van Sony. Dit is niet overzichtelijk en totaal niet intu√Øtief. Als hij eenmaal ingesteld is, heb je daar uiteraard geen last meer van. Laatste puntje van kritiek is de afstandbediening. Deze vind ik echt niet mooi. Het is een hoekig ding en met de gekleurde knoppen voor Googleplay en Netflix lijkt het wel plastic speelgoed. Dit zou een afknapper kunnen zijn als je daar gevoelig voor bent.  Door de mooie vormgeving en het haarscherpe beeld beveel ik hem toch zeker aan.
kamervullend geluid uit soundbar formaat, Wat een feest om naar deze soundbar te luisteren. Met dolby atmos hoor je echt overal effecten in films. Pas je speakers naar wens aan in de bijbehorende app en gebruik google assistant om netflix of spotify te starten. Dit is echt een soundbar anno 2020, de laatste handigheidjes met prachtig geluid. Om toch nog een klein minpuntje te noemen: soms mis je wat middentonen. Dat heeft met het formaat van de speakers te maken, je kan het LG amper kwalijk nemen. De subwoofer vult de kamer goed, en de vele speakers eromheen leveren een heerlijk geluid af.
Mooie compacte snelle harde schijf, maar..., Het eerste contact met X5 was goed. Het ziet er mooi uit en het gebruik is eenvoudig, met de mogelijkheid om de X5 eenvoudig te beveiligen met een wachtwoord. Maar niet alleen het uiterlijk valt op, ook de prestaties. Even snel een paar filmpjes gekopieerd naar de X5 (ca 7 Gb) en binnen enkele seconden stond het erop. Ook het filmpje terugkijken vanaf de X5 ging erg soepel. De X5 werd ook niet meer dan licht warm. Zodra ik echter een grotere map foto's (230 Gb) wilde kopi√´ren, liep de tijd op tot een uur. Als ik deze wilde onderbreken liep de X5 volledig vast. Herhaaldelijk geprobeerd.
Virtuoso pan, Wat een fijne en robuuste pannen.
Ze zijn van goede kwaliteit.
De pannen worden erg snel warm, en dat ben ik van mijn ‚Äúoude‚Äù niet gewend! Door de glazen deksel kun je mooi je gerecht beter in de gaten houden
Het afwassen gaat ook bijna vanzelf. ‚ÄúHeb ze nog niet in de vaatwasser gedaan! Maar dat kan natuurlijk wel gewoon! Ben erg zuinig op deze pannen!
Ik ga zeker op zoek naar uitbreiding van deze set.
Professionele f√∂hn, Deze f√∂hn wordt omschreven als een f√∂hn van echte salonkwaliteit en zo oogt hij ook zeker met het lange dikke snoer en de lichtjes op de knoppen. Ook heeft de f√∂hn een mooi design die zeer prettig in de hand ligt. Er zit een lekker grote diffuser bij, die in een keer een groot gedeelte van mijn haar droogt.
Er zijn steeds drie standen: qua blazen, stand 1, stand 2 (harder) of stand 3 (nog harder) en qua warmte stand 1, stand 2 (warmer) stand 3 (nog warmer). Ik gebruik stand 2 voor blazen en stand 1 qua warmte, dat werkt heel prettig voor mijn krullen. Ook vind ik het ‚Äòcool shot‚Äô heel prettig: dit zit op mijn oude f√∂hn ook, maar dit coole shot blijft de hele tijd cool! Dat gaat pluis tegen, en is wenselijk voor mijn haar.
Hij maakt best wel wat geluid, dat is even wennen. Maar ben vooralsnog zeer tevreden over deze f√∂hn!
Topmachine,Ik heb de Wasmachine nu ruim een maand in gebruik en ben erg tevreden. Door de grote trommel kan ik beddengoed goed schoon krijgen en zelfs dekens wassen. De machine weegt dus was en de wastijd wordt hierdoor aangepast.
gebruiksvriendelijke inductiekookplaat, Is de ideale inductiekookplaat als men van aardgas naar  overschakeld  ! wordt aangesloten via bijgeleverde verlengkabel en stekker, en is tevens gebruiksvriendelijk.
Krachtige, lichte fijn voor minder pluizig en glanzend haar!, 8/10: Over het algemeen een super krachtige en fijn in de hand liggende f√∂hn die daad werkelijk minder pluis geeft en meer glans.
Geen 10/10 omdat de plaatsing van de coolshot functie echt hindert in het gebruik ervan en dat ik de het fijner had gevonden als er nog een derde zachtere blaaststand was.
Het is een ontzettend mooie f√∂hn en hij werkt ook fantastisch. Ik heb krullen waar pluizig haar bij hoort, maar met deze f√∂hn wordt je haar absoluut minder pluizig en glanzend gef√∂hnd.
Aan de kabel van de f√∂hn (die dikker is waardoor er minder snel knikken in komen) zit een lus aan om de f√∂hn op te hangen wat ideaal is.
Het is een ontzettend krachtige f√∂hn alleen al op zijn laagste stand, dus de hogere stand heb ik alleen maar gebruikt voor het snellere drogen van mijn haar als ik haast had. Die stand is ook iets te hoog om haar mee in model te f√∂hnen vind ik persoonlijk
Hoewel de coolshot functie heel effectief werkt (de luchtstroom koelt meteen af), de plaatsing en gebruik van de knop is erg onhandig. De knop zit bovenaan de rest van de functie knoppen en moet worden ingehouden om continue gebruikt te worden
Er zijn drie opzetstukken bij geleverd, hoewel ik voornamelijk gebruik maak van de diffuser, die zier fijn werkt en makkelijk op de f√∂hn te zetten is. De andere twee opzetstukken zijn 2 maten stijl stukken.
Goede allround ervaring, De LG 27GP850-B is idiaal voor het gamen en is een aanrader als je het budget ervoor heb
-Game ervaring-
De reactie tijd is zeer gunstig als het gaat om gamen. Je merkt het het meeste als je een schietspel aan het spelen ben. Ik heb het voornamelijk getest met warzone en je merkt het verschil. De snelle Hz zorgt voor een goede smooth beweging.
-Beeldkwaliteit-
De beeldkwaiteit is van hoog niveau maar ik moet wel zeggen dat de sommige kleuren in het beeld niet hard doorkomen zoals ik verwacht van het prijs niveau. Verderom is het een prachtig beeld. Op 99% van de tijd heb ik niets te klagen over het scherm. De HDR springt daarintegen wel erg door en is heerlijk als je aan het gamen ben of een film aan het kijken ben. De G-sync is redelijk goed maar niet om voor naar huis te schrijven. Ik heb hier en daar een frameskip gekregen maar het is niet hinderlijk. The nano IPS dringt wel goed door en is overduidelijk te merken. The IPS technologie laat de monitor uitstralen vergeleken met andere monitoren.
-Gebruikservaring-
Het is een upgrade van wat ik had. Het opzetten van de monitor was een van de makkelijkste setups die ik heb gedaan. Binnen 5 minuten stond het al klaar voor gebruik. Het aanzetten is makkelijk met het knopje onder de monitor en je kan er alles mee besturen. Dat maakt het gebruik simpel. De design is ook mooi. De randen om de monitor heen zijn extreem minimaal behalve aan de onderkant. Het geeft je een luxe ervaring. Het enige wat mij wel opviel is dat het verzetten van hoogte bij de monitor heel licht is. De lichtste tik verplaats de monitor al en dat kan redelijk hinderlijk zijn. Er zit ook niet een optie op om de monitor vast op plaats te klikken. Voor de rest is de ervaring goed.
Perfect voor multitasking, minder goed voor singletasking, - Mijn verwachtingen
Ik heb deze monitor van de Reviewclub gekregen om hem te testen. Mijn verwachtingen waren dat ik met deze monitor makkelijk kan multitasken, bijvoorbeeld een deel van het scherm gebruiken om mijn scherm te delen op Teams en met een ander scherm mijn notities voor de vergadering bekijken. Verder  verwachtte ik dat ik het scherm echt kan splitten, zodat het van mijn laptop gezien wordt als meerdere schermen.
#NAAM?
Toen ik de monitor uit de verpakking haalde was ik verrast hoe groot de monitor eigenlijk is. Ik gebruik normaal gesproken een 27 inch monitor, maar deze ultra-wide monitor van 34 inch is een heel stuk groter (en vooral breder natuurlijk). De monitor ziet er heel degelijk uit en voelt ook degelijk aan. Het monteren van het beeldscherm op de voet was zo gedaan, ook al kon ik geen instructies hiervoor vinden. Het aansluiten van het beeldscherm was ook heel makkelijk met behulp van de meegeleverde HDMI kabel. De beeldkwaliteit van de monitor is zoals verwacht prachtig, je kunt alles erg scherp zien. Verder zijn de luidsprekers opvallend goed, dit had ik niet verwacht van een monitor die vooral voor zakelijk gebruik bedoeld is.
#NAAM?
Ik gebruik de monitor vooral voor het werken, en het was eerst heel erg wennen dat het beeldscherm zo breed is. Als je maar een programma open hebt staan is de breedte erg overbodig. Bijvoorbeeld, als je een website opent dan wordt ongeveer 70% van de monitor gevuld met de achtergrond van de website. Dat is ook nu na een week testen nog steeds een beetje storend. Echter, en daarvoor is de monitor natuurlijk gemaakt, is de monitor uitermate geschikt voor het multitasken. Als je werk vooral bestaat uit meerdere programma's open hebben en informatie te verwerken dan is deze monitor zeker een verademing. Ik heb vooral tijdens vergaderingen meerdere programma's open staan zodat ik bijvoorbeeld notulen kan maken terwijl ik mijn scherm deel. Hiervoor had ik graag gebruik gemaakt van de door LG aangeboden software OnScreen Control, waarmee je je monitor in meerdere schermen kan splitsen. Dit is vooral handig als je je scherm deelt, alleen staat het mijn werkgever niet toe om nieuwe software op de laptop te installeren. Dit is dus iets waar je rekening mee moet houden als je erover nadenkt om deze monitor te kopen.
#NAAM?
De monitor ziet er strak uit en is perfect voor multitasking. Hou er wel rekening mee dat hij niet echt gemaakt is voor   singletasking   omdat je dan vaak helemaal naar links moet kijken, of meer dan de helft van het scherm is gevuld met een achtergrond. Dus, als je voor je werk (of in je vrije tijd) vaak meerdere programma's open hebt staan dan kan ik deze monitor zeker aanraden, anders zou ik eerder voor een monitor met   normale   afmetingen kiezen.
uitstekend multitask scherm, De monitor heeft een strak design met dunne randen. Het 34 inch scherm is erg handig vooral om mee te multitasken, maar omdat het scherm zo groot is zou een lichte curve iets aangenamer zijn geweest.
Het is een 13440x440p scherm waardoor de ppi ondanks het grote scherm nog redelijk hoog is.  De maximale helderheid van het scherm is naar mijn mening te laag om een HDR scherm scherm te noemen. Door de lage helderheid raad ik het niet aan om dit beelscherm te gebruiken op plaatsen met veel zonlicht.
Het beeldscherm kan een verversnelheid van 75Hz aan, maar deze optie is niet standaard bechikbaar. Om de verversnelheid op 75Hz te zetten moet je eerst FreeSync aanzetten.
Het scherm is in hoogte en kanteling verstelbaar, waardoor je niet in een vervelende positie hoeft te zitten om gebruik te maken van de monitor.
Persoonlijk zou ik dit product alleen gebruiken voor kantoor werk en niet voor creatief werk, omdat de kleur accuratie en helderheid te laag zijn voor het bijvoorbeeld bewerken van video's of maken van animatie's.
Mooi toestel, prijs-kwaliteit in evenwicht, Ik heb de LG G7 Fit afgelopen weken getest. Het toestel ziet er geweldig uit, de afwerking is dik in orde en het toestel doet niet onder voor de duurdere modellen. Ik had helaas de ervaring dat de simkaarthouder alleen met ondersteuning (ik wilde het niet al meteen beschadigen) voldoende naar buiten kwam en ik het toestel daardoor toch weer later in gebruik kon nemen. Na het opstarten wordt je verrast door de kwaliteit van het beeldscherm en begin je toch echt het idee te krijgen dat je de missing link tussen de duurdere en goedkopere toestellen hebt gevonden. Gewoon een betaalbaar goed product. Het menu is duidelijk en alles laat zich snel vinden. Na enige tijd begin je toch te merken dat het helaas een toestel uit het middensegment is. De geluidskwaliteit is echt minder en wanneer je het volume op een derde hebt staan klinkt het toestel gewoon blikkerig en dat is toch echt niet nodig vandaag de dag. Met oortjes merk je daar overigens weer niets van en ook bellen kan zonder vervorming van stemmen en is men goed verstaanbaar.
Een voor mij belangrijk item is de camera, niet voor de selfies, maar voor mijn werk. De camera krijgt bij gewoon beeld een voldoende, maar zodra je gaat inzoomen loopt de kwaliteit snel terug en ja, inzoomen is toch echt wel eens nodig. Hier verrast het toestel dus niet.
Een waarschuwing is ook wel op zijn plaats voor het feit dat het toestel erg glad is, wat het toestel ook wel zijn mooie design geeft. Het toestel kan echter wel makkelijker uit je handen glijden en dat overkwam mij een (paar) keer (bijna). Een hoes kan helpen, maar doet toch weer af aan de uitstraling van het ontwerp.
Ik gebruik mijn toestelveel en tijdens het testen heb ik alles met uitzondering van bluetooth aangezet. De accu hield het redelijk, maar na een etmaal intensief gebruik en app's die mee lopen te slurpen, moest hij toch wel weer aan het net. Ik heb echter in die periode niet meegemaakt dat hij trager werd.
Een uitbreiding van het geheugen met behulp van een micro-sd is wel aan te raden, helaas gebruik ik 2 Simkaarten en bij dit hybride toestel is die uitbreiding dan niet mogelijk.
De prijs-kwaliteitsverhouding van het toestel is zonder meer goed te noemen en om die reden is het toestel zeker een aanrader.
Nokia 6.2, Een fijne en snelle mobiel. Makkelijk in gebruik. Goede batterij duur. Vragen aan Google is een goede hulp op deze mobiel, zo ook de grapjes die erop staan. Mooie foto,s kun je er mee maken. Wat  ik ook erg fijn vind is dat je de apps op stil kunt zetten, zodat je niet steeds  geluiden hoort bij binnenkomende berichten Ed. De achterkant van de mobiel is vrij glad en dat is soms lastig, omdat je daar door de mobiel kunt laten vallen. Ook bij intensief gebruik kan de batterij 2 dagen mee. Een mobiel die een echte aanrader is.
Zeer mooi toestel, makkelijk instelbaar, Wat een mooi toestel is de Nokia 6.2 zeg! Het toestel heeft een mooi helder ips scherm, wit is ook echt wit en zwart is mooi donker van kleur. Het voordeel van een ips scherm, voor mij is, dat het nog goed af te lezen is met een polaroid zonnebril. Dat is bij andere schermen wel s anders. De Nokia 6.2 is een mooi groot toestel met een 6.3 inch scherm. aan de rechterkant van het toestel zit de aan/uit knop en de knop om het volume te regelen. In de power-button zit een notificatie-led, wat ik erg prettig vind. Zo kun je snel zien of je bv een oproep hebt gemist. Aan de linkerkant zit de sleuf voor de sd kaart en evt een sd-kaart om het geheugen uit te breiden. Daaronder zit een knop waarmee je ' google-assistent' gebruikt. Deze knop raak je vaak ongemerkt aan en dat ervaar ik als minder prettig. Aan de achterkant zit de camera module, deze steekt enkele mm's uit. Dus hierom zou ik zeker een hoesje aanraden. Mede omdat het toestel niet recht op de tafel ligt, en er dus vanaf zou kunnen glijden. De camera maakt erg mooie foto's. Er zit ook een 'pro' functie op, maar dat is een hoop uitzoekwerk om erachter te omen, hoe dat werkt. zover ben ik nog niet Onder de cameramodule zit de vingerafdrukscanner. Dit vind ik erg prettig werken. Het toestel is binnen no-time ontgrendeld. Het scherm is mooi helder, waardoor bv het doen van spelletjes of het kijken of YouTube of Netflix een mooie scherpe ervaring is! De batterij gaat twee dagen mee. Ik ben niet iemand die heel veel spelletjes doet of erg veel met het toestel in de handen zit, dan is twee volle dagen misschien wel een uitdaging. Het toestel is wel erg glad, waardoor ik zeker een case zou aanraden, waardoor ongelukjes zoals vallen verminderd word. Al met al vind ik het een prima toestel, en vind het heel leuk dat ik dit mag testen
Nokia 6.2 testen, De afgelopen 2 weken heb ik de Nokia 6.2 mogen testen voor reviewclub.
Aangezien mijn eigen telefoon het bijna begeven heeft ben ik ook wel opzoek naar een nieuwe telefoon dus dit kwam precies op het goede moment.
Voor mijn werk als visual merchandiser gebruik ik mijn telefoon bijna de hele dag ik maak super veel foto's van de etalages die ik neerzet of de wanden en presentaties in de winkel die ik maak. En ook in mijn priv√© leven maak ik super veel foto's van ons eten voor op ons Instagram account . Ook hebben we 2 jongens ( onze trots ) waar we veel foto's van maken . Dus een goede camera is echt een must en hier ben ik ook echt super tevreden over. Op mijn werk is het bereik heel slecht en bij mijn oude telefoon is daardoor de batterij steeds heel snel leeg. Met deze gaat het zeker de hele dag mee . Dus dat is ook erg fijn. Ik vind het een fijn toestel dat goed in de hand licht dus niet te groot maar ook niet te klein.
Een super fijn en helder scherm en is makkelijk te besturen. Normaal heb ik nog wel eens moeite met andere telefoons als die anders zijn als die van mij.
Met deze had ik daar geen probleem mee.
En te prijs is zeker ook heel fijn bij deze telefoon!! Dus een dikke aanrader !
Redelijk toestel, Wow een ouderwets feestje!!! De allereerste Nokia mobiele telefoon in misschien wel tien jaar naar mij onderweg. Bij ontvangst zag zoals bij Nokia gewend alles er super uit en goed luxe verpakt. Alleen nadat ik hem uitgepakt had was de euforische indruk helaas weg. Waar ik vroeger een onverwoestbare, stevige, kwalitatieve Nokia in mijn handen had, had ik nu de Nokia 7.2. De mobiel is glad, licht en voelt als een speelgoedtelefoon. Het robuuste, zware kwalitatieve aspect was er niet. Wel is het oude bekende vertrouwde Nokia deuntje wel weer erg leuk bij opstarten. De software is weliswaar snel en duidelijk maar is wat kinderlijk in uiterlijk. Daarnaast komt het heel vaak voor dat je ongevraagd knoppen indrukt zelfs als de telefoon geblokkeerd is. Dit komt doordat aan de zijkant de Google-assistent knop, volumebalk en de powerknop niet mee gaan in de vergrendelstand waardoor geregeld in mijn zak deze knoppen in werking gaan wat heel hinderlijk is! Ook vind ik hem qua kleuren en beeldscherm echt minder dan zijn vergelijkbare concurrenten. Het is het eigenlijk allemaal gewoon net niet! Qua camera is er een meervoudige lens welke wel mooie foto‚Äôs maakt maar ook deze zijn naar mijn mening niet van de absolute topkwaliteit wat wel beloofd wordt. De lens steekt iets uit wat ook niet prettig in de hand ligt.  Ook het geluid is wat blikkerig en zeker op de speaker niet goed. De opslag is enorm en dat is wel echt een pluspunt!! Ook de batterij is een topper!! Je hoeft je niet druk te maken dat je de dag niet door komt. In standby gaat de telefoon ruim drie dagen mee!! Al met al is het qua prijs-kwaliteit een best redelijke telefoon en misschien wennen maar ik pas. Ik ga terug naar de voor mij vertrouwde concurrent.
droogd snel! heel fijn product, Mijn haar is nu snel droog en voelt ook niet overhit aan. mijn dochter van 5 jaar vond haardrogen nooit fijn en met deze f√∂hn juist wel. De f√∂hn is krachtig en heeft een thermo protection optie dit beschermt je haar.
De f√∂hn is wel wat zwaar in de hand maar zeker goed hanteerbaar. ook wat heel fijn is dat de snoerlengte lang is! ik gebruik voor mijn haren de hoogste stand en tussendoor druk ik thermo protection aan. voor mijn dochter de laagste stand en droogt snel zat. ik gebruik dit products 4 x in de week. en is echt merkbaar dat mijn haren nu minder droog aanvoelen en pluizen niet zo!
Mooie, krachtige f√∂hn!, Deze f√∂hn is een echte aanrader! Hij heeft een super blaaskracht, een mooi design, fijne knopjes en twee opzetstukken. Het fijne is dat de verschillende droogtemperaturen duidelijk verschillen in warmte. Zo heb je altijd wel een goede temperatuur. Ook de Thermo-Protect stand is erg fijn voor dun, lang haar. Mijn haar voelt nu beter aan en glanst meer dan voorheen met mijn oude f√∂hn. Tevens heeft hij een lang snoer en een handig ophangoog.
Het minpunt is dat deze f√∂hn best zwaar is. Daarnaast was het fijn geweest als hij een draaibaar snoer had gehad, zodat hij niet opdraait.
al 2 nieuwe gehad in 3 jaar, Vandaag om 14:06
ff wat kwijt: we kochten ca 3 jaar geleden een grill apparaat van proline bij BCC, vlak voor het eindigen van de 2 jarige garantie deed het ineens niet meer. ok wij naar BCC en kregen vorig jaar maart een nieuwe proline mee, waarbij ik de verzekering kreeg dat dit nieuwe apparaat weer zijn garantie heeft van 2 jaar. we kregen geen nieuwe bon maar op de oude bon werd de aankoopdatum en dus start garantie opgeschreven. en de verkoper schreef het ook zo op de computer(zei hij). VANDAAG ging dat apparaat weer niet doen wat hij moest doen(dus binnen een jaar) kapot. Ik dan maar weer naar BCC. Echter ik werd woest en voelde mijn bedondert daar er geen nieuwe garantie op het laatst mee gegeven apparaat(nieuw,binnen een jaar kapot) stond. Ik voel me bedondert en belazert, en de nieuwe koelkast die dit jaar gekocht gaat worden komt niet van BCC vandaan. Het goedmakertje wat ze deden 20 euro tegoed bon of een apparaat van 27 euro(kleinere grill oppervlak) meenemen. Service heeft mij belazerd.
Top tv, Echt een mooie tv.!
Beeldkwaliteit is top, met name de kleurcontrasten zijn mooi. Heldere felle kleuren. Netflix op deze tv is echt een andere beleving dan Netflixen op mijn laptop (of vorige tv). En met name documentaires zie ik nu zoals ze waarschijnlijk bedoeld zijn door de makers. Groots, veel diepte en mooie kleuren.
Geluid klinkt goed, hoewel ik hier verder niet echt een kenner in ben.
Qua design vind ik de dunne matte zwarte rand een pluspunt, ziet er gewoon strak uit. Simpel, maar precies goed voor een tv in je woonkamer, daar wil ik persoonlijk niet te veel glimmers of opvallende dingen op zien.
Makkelijk aan te sluiten op het WiFi-netwerk in huis.
Klein minpuntje is dat je de tv (als ie op z'n pootjes staat) niet makkelijk kunt draaien. Pluspunt van die pootjes is wel weer dat je de snoeren hierin kan wegwerken.
Wat een prachtige televisie!, Deze Sony OLED heeft een geweldig beeld.
HDR, Dolby Vision, optimized fo Netflix, IMAX enhanced, zeg het maar‚Ä¶ Alle beeldinstellingen mogelijkheden zitten er op en ze werken makkelijk en geweldig. Verbluffende film kwaliteit, zeker als de aanbieder de beste kwaliteit levert. Ik heb naast Netflix ook Prime Video, de Nintendo Switch (1080p) en vanzelfsprekend ‚Äòreguliere TV‚Äô gebruikt. Ook beeldmateriaal dat niet 4K(+) wordt doorgestuurd ziet er top uit en wordt door de televisie verbeterd. Een feestje om naar te kijken, de kleuren en de zwartwaardes zijn fantastisch, de helderheid is mooi.
Verrassend geluid
Meestal heb ik mijn televisie op een soundplate van Bose aangesloten om het geluid te verbeteren. Ik had echter geen enkele neiging dat bij deze televisie te doen. Het geluid is voor zo‚Äôn dunne televisie echt top! Sony zorgt ervoor dat het geluid echt uit het scherm komt en het effect is goed. Stemmen zijn verstaanbaar en het lijkt zelfs alsof je hoort in welk deel van het scherm ze zich bevinden. De bas is aardig en voldoet prima als je niet wilt dat je buren bij iedere film mee trillen. Je hebt verschillende mogelijkheden om het geluid af te stemmen aan de content of jouw eigen wensen, dit werkt prima.
Smart TV
Deze TV is ‚Äòecht‚Äô slim, maar vooral ook echt heel snel. De chip die er in zit, kan volgens mij alles aan. Het is heerlijk dat je snel kan zappen niet  alleen tussen de zenders, maar vooral bij de apps. De apps gaan heel snel aan en uit en je kunt er in een flits tussen wisselen. Hoe snel dit gaat is eigenlijk niet te omschrijven.
Ook is het een Google TV, dit betekent dat je toegang hebt tot een enorme hoeveelheid apps via de Play Store. Je kunt helemaal los gaan en je TV vullen met allerhande apps, gelukkig kun je hier weer voorkeuren in aanbrengen. De TV heeft ook ingebouwd chromecast & google home, hierdoor kun je met je veel met je telefoon delen en allerhande Smart Home functies instellen als je deze bezit.
Apple
Ik heb begrepen dat deze OLED deze zomer een upgrade krijgt voor Apple Airplay 2 en Apple Homekit, dan is het een nog grotere powerhouse. Het is niet nodig, maar ja als extra erbij zou je mij er heel blij mee maken.
Afstandbediening
De bijgeleverde afstandsbediening is niet extreem spannend, maar dat maakte het ook simpel in gebruik. Weinig poespas, een Netflix en Google playknop. Als je hem even in huis hebt ben je hem zo gewend.
Aansluitingen:
Deze Sony OLED heeft 4 HDMI aansluitingen, CI+ ingang, meerdere USB‚Äôs, optisch uit. Alles wat je nodig hebt. Ook kun je een versterker aansluiten en hem gebruiken als center speaker als je een Surround Sound opstelling hebt.
Instellen van de TV
De televisie heeft een Android (Google) besturingssysteem, maar dat hinderde zelfs deze enorme iOS gebruiker niet. Het instellen zal nog gemakkelijk gaan als je een Android ecosysteem gewend bent. Maar toch, zelfs als je dit niet bent zul je de televisie binnen enkele minuten helemaal aan de praat krijgen. De installatie is erg gemakkelijk en zeer gebruikersvriendelijk. Er is een enorme handleiding deze heb ik niet hoeven raadplegen.
Uitpakken en uiterlijk
Nu maar terug naar het begin: Het uitpakken van de Televisie. Wat een heerlijke ervaring. Sony kan anderen hier les in geven. Als je de doos in huis hebt volg je de minimale beschrijving en heb voor je het weet de televisie klaar om in elkaar te zetten, wat in mijn geval een kwestie was van 4 schroeven indraaien. Klaar is kees. Dan staat er een super mooi design TV klaar voor gebruik, minimale omlijsting, ultra dun, geen protserige logo‚Äôs gewoon ‚Äòstrak‚Äô.
Prachtig beeld en geluid, Uitstraling
Na het ophangen van de tv zie je gelijk verschil met de oude tv. Het beeldoppervlak is veel groter terwijl de tv qua omvang niet veel groter is. Dit komt mede ook doordat er geen speakers in de lijst van de tv zitten. Kortom erg leuk om naar te kijken (zelfs als hij uit staat)
De tv staat laag op de voet en hierdoor sluit hij erg mooi aan op het meubel waarop hij staat.
Eerste setup
Het instellen van de tv gaat erg gemakkelijk. Je wordt door alle instellingen heen begeleid. We hebben de tv wel gelijk op Engels gezet zodat je hem ook via je stem kunt bedienen.
Beeld & Geluid
Het beeld is prachtig om te zien. Alle kleuren zijn zo helder en intens. Dit maakt echt een verschil ten opzichte van mijn oude led tv. Voor wat betreft het geluid ben ik ook erg te spreken. Zowel de hoge als lage tonen komen er goed uit. Het voelt soms bijna alsof je in een bioscoopzaal zit. Door het gebruik van de X1 Ultimate beeldprocessor welke ook 8k content aan kan zorgt het in deze tv voor een soepele beeldverwerking.
Eerste weken in gebruik
Wat mij in de eerste weken opvalt is met hoeveel gemak je verschillende content op je tv kunt toveren. Normaal deed ik dit via mijn telefoon naar de Chromecast toe. Maar nu kun je via het hoofdmenu van deze Sony kun je gemakkelijk tussen verschillende content providers kiezen. (zoals Netflix, YouTube, NLziet enz.)
Ik merk wel dat het Android besturingssysteem soms wat trager wordt. Maar na het herstarten van de tv is dit opgelost.
Conclusie
Zeker een aanrader voor als je op de eerste rij wil zitten qua techniek. Er hangt ook dan ook wel een prijskaartje aan maar dit is het zeker waard. Tv hangt ook erg mooi plat tegen de muur.
Mooie strakke speaker met vol Bose-geluid, Als Bose-gebruiker was ik erg benieuwd naar deze tv-speaker. Aangenaam verrast pakte ik hem uit de doos, een mooie strakke speaker en zeer eenvoudig aan te sluiten. Ik koos voor de mogelijkheid om hem via HDMI aan te sluiten voor een betere geluidservaring, jammergenoeg zit deze kabel niet in de doos. Het geluid was eerst even wennen, zo vol en rijk aan bas (deze is trouwens in te stellen). Maar na hem even aan te hebben wil je niet meer anders. Met een druk op de knop op de (ietswat kleine) afstandsbediening switch je zo tussen de tv en je afspeellijst op spotify. Al met al een mooi strak product met een prima sound.
Stijlvolle Ameikaanse koelkast, Grote stijlvolle koelkast. Strak design. Zowel koel- als vriesgedeelte groot, respectievelijk 339 en 177 liter.
Groot voordeel dat vriesgedeelte anti ijsvorming heeft. Als koelgedeelte lang open is geweest, wordt het extra snel teruggekoeld.
Maakt relatief veel lawaai, voor in bijkeuken geen probleem.
Topding, Ook al zijn er verbeterde nieuwere types. Ook dit type is een top product. Je pakt het er snel bij en is ook zo weer opgeruimd. Vooral met 2 verharende katten, in no time de meubels weer haarvrij.
Geweldige Accu, fijne schermgrootte en perfecte foto's, De P30 is de vervanger van mijn P8 lite geworden, het is een fantastisch apparaat, met fijn gebruiksgemak en een helder scherm en de kwaliteit van de foto's en de mogelijkheden is gewoon perfect. De accuduur is meer dan verbluffend in 4 dagen slechts 1x op hoeven laden.
Prettig in gebruik, mooie camera, gebruiksvriendelijk, Ik heb eigenlijk geen reden om lager dan een 10 te geven. Ik was gewend aan de nieuwste Samsungs maar deze telefoon is kwaliteit naar mijn mening nog beter. Plus een stuk beter betaalbaar. Vooral de foto's zijn erg mooi, dat is toch wel een pre voor mij.
Helaas voldoet niet., Helaas doet de airco niet wat ie  moet doen. Hij wordt door Inventum met veel bravoure aangekondigd als airco die een grote ruimte aan kan, maar de koelstraal is niet krachtig genoeg. Wij hebben ook een Proline staan in dezelfde prijsklasse, maar die is een stuk krachtiger en staat notabene voor minder BTU. Helaas krijg ik ook geen oor bij de klantenservice van Inventum, dat het product niet voldoet aan de verwachtingen. Opsturen op eigen kosten kan en dan gaan zij testen. Tja. Ik zeg niet kopen, gewoon een Proline kopen.
Goede FM-ontangst, goede klank, Geringe inbouwdiepte, gevoelige FM-ontvangst, voorgeprogrammeerde EQ-instellingen (klankkleur) via eigen toets te kiezen en voldoen goed.
Fijne monitor met zeer goed beeld, Ik mocht dit product testen via Reviewclub.
De monitor zat zeer netjes verpakt en was simpel in elkaar te zetten. Hij is erg dun waardoor hij in diepte zeer weinig ruimte inneemt op mijn bureau. De kabel voor stroom is echter wel erg kort (1.40m).
De aansluiting met laptop gaat via een hdmi kabel en het beeld is erg goed. De kleuren zijn helder maar niet te fel en ik heb geen last van vermoeide ogen.
Als je met een enkel scherm werkt is wel een deel van de zijkanten zwart, dit ivm beeldverhouding. Split screen vind ik wel fijn werken.
LG Ultra veel programma's open.,Briljant scherm. Ik kan zoveel tegelijkertijd open hebben staan. Terwijl ik video's aan het editen ben kan ik after effects in hetzelfde scherm ernaast gebruiken. Ideaal
gebruiksvriendelijk, deze Nokia 6.2 is een mooi groot toestel met vele mogelijkheden,  goede kwaltijd van de camera.
telefoon zit fijn in de hand en heeft onwijs mooi helder scherm
De goede kwaliteit van de batterij is ook een pluspunt.  Bij normaal gebruik gaat deze zeker 2 dagen mee.
Mijn vorige gsm's waren van een ander merk, dus in het begin stond ik wat sceptisch tegenover Nokia.  Maar na enkele dagen was ik volledig overtuigd.  Erg gebruiksvriendelijk, overzichtelijk door het grote scherm.  Kortom, qua prijs/kwaliteit een ideaal toestel.
Top f√∂hn, Een stijlvolle f√∂hn. Vanwege mijn krullende haar is het lastig om een f√∂hn te vinden die mijn haar niet te pluizig of statisch maakt. Het fijne van deze f√∂hn is de makkelijke manier waarop je de temperatuur en de blaaskracht kan instellen. Er zit een diffuser opzet stuk bij die de lucht goed door het haar verdeeld. Als je erg lang haar hebt is het opzet stuk misschien net wat klein, maar tot iets over je schouders is het prima. Verder zit er een speciale knop op de f√∂hn die ervoor zorgt dat je haar niet/veel minder statisch wordt. Er zit een lang snoer aan en de f√∂hn is makkelijk in de hand te houden en niet zo zwaar. De opzetstukken zijn makkelijk te verwisselen.
Fan van de ronde borstel, Zelfs √≠k kan hiermee een mooie slag in mijn haar cre√´ren! Ik gebruik hem vooral zonder opzetstuk om mijn haar te drogen (voordat ik met een krultang aan de slag ga), maar als ik wat meer tijd heb pak ik de ronde borstel erbij voor een slag en (als je er wat handigheid in krijgt) werkt dat perfect. Met alle opzetstukken heb je nog veel meer opties. Het lange snoer en het feit dat de f√∂hn zo licht is zijn ook prettig. De f√∂hn is nog serieus mooi ook.
Top product!, Dit is echt een aanrader voor iedereen die nog een f√∂hn zoekt.
Ik heb vaak te weinig tijd om mijn haar droog te f√∂hnen voordat ik de deur uitga, maar dat is nu anders.
Binnen 10 min is mijn haar droog en het pluist niet.
Deze f√∂hn heeft 2 snelheden met 3 warmtestanden, dus je kunt zelf je warmte bepalen. Met de turboboost kan je het zelfs nog sneller drogen. Daarna gebruik ik altijd nog even de cool shot om mijn haar nog even in model te brengen.
Deze f√∂hn word geleverd met een extra opzetstuk, dit vind ik erg handig omdat je haar gelijk mooi stijl kunt f√∂hnen, en de stijltang daarna niet meer nodig hebt.
Deze f√∂hn kun je ook gebruiken om krullen mee te cre√´ren, dit door middel van een apart opzetstuk en een ronde meegeleverde borstel. Na een paar keer oefenen had ik het onder de knie. Erg leuk om eens een andere coup te cre√´eren met dezelfde f√∂hn.
Hij is ook erg licht en maakt niet veel geluid.
Waardeloos, drie keer in √©√©n jaar kapot, Aangeschaft in februari 2018 en sindsdien al drie keer kapot geweest.
Als het apparaat naar behoren werkt is het ideaal om een leistenen vloer wekelijks te reinigen. Hij zuigt idd vuil op. Je moet wel vooraf stofzuigen want grote deeltjes kan hij niet aan.
Na een half jaar, ongeveer 23 keer gebruiken, geeft hij geen water meer. Het apparaat is zes! Weken onderweg voor reparatie. Als hij terug komt zit er niets bij wat er gerepareerd is of wat dan ook.
Vijf maanden hierna laat een rubberen flap los. Het duurt weken voor er een nieuwe in huis is. Zelf monteren.
Elf maanden na aanschaf geeft hij weer geen water. Nu gaat reaparatie binnen twee weken. Bij terugkomst zitten er allerlei papieren in het Duits bij maar uit niets blijkt wat er gerepareerd is. Wel is hij gereinigd. Maar de tanks die ik had voorzien van watervaste stickkers tot welk niveau gevuld moet worden zijn verdwenen. Ik vraag mij af of dit wel mijn containers zijn.
Respons van de klantenservice is zeer traag. Je moet een account aanmaken om op te sturen. En zie dan maar eens een grote doos te regelen. Wordt wel aan huis opgehaald door DPD. Van de retourzending krijg je geen info vooraf. Alleen dat hij gerepareerd is.
Is dit K√§rcher?
Fijne wasmachine!, Wat was ik blij toen ik hoorde dat ik deze wasmachine mocht testen. Onze oude wasmachine was toe aan vervanging. Daarnaast irriteerde ik mij aan het feit dat mijn was nog onder de haren zat en ik niet kon zien hoe lang hij nodig had om de was te wassen. Deze wasmachine laat zien hoe lang hij nodig heeft per was. Het is namelijk per was verschillend. Aangezien hij de was weegt voor het water dat hij nodig heeft en hij de was beoordeeld aan de hand van de stof. Daardoor weet de wasmachine precies hoe lang hij nodig heeft om het te wassen. Ook heeft deze wasmachine een anti allergenen programma waardoor zo goed als alle haren en stofjes verwijderd worden van onze kleding. Daarnaast is de stoomfunctie erg fijn, zo heb ik bijna geen strijkwerk meer. Er zit een nachtprogramma op, dus stel je voor je werkt in ploegendiensten en je wilt toch even wassen voor je naar bed gaat (of naar je werk gaat). Kan je de wasmachine aanzetten op nachtprogramma. Jij geen last en je buren geen last van de wasmachine.
Mooie grote familie koelkast, veel ruimte en heerlijk koel., Heerlijke koelkast lekker ruim, door de led verlichting alles overzichtelijk. Planken hebben weinig randen waardoor schoonmaken ideaal is ook met een gevulde koelkast. De diepvries vertoont na een maand gebruik nog geen ijs aanslag. De lades schuiven makkelijk naar binnen en buiten en lopen zelfs vol heerlijk soepel. Door de deurkoeling is alles snel en vochtvrij koel. Door de compressor koeling heb je geen last van geluidsoverlast.
Mooi design zonder toeters en bellen, Deze koel- vriescombinatie vervangt mijn oude energieslurpende koel- vriescombinatie. Mijn vorige koel- vriescombinatie van ca. 12 jaar oud had een jaarlijks verbruik van meer dan 450 kWh per jaar dat is met deze LG combinatie gelukkig beduidend minder. De koelkast is voorzien van een strak en in mijn ogen mooi design, er zitten geen onnodige toeters en bellen op zoals WiFi of appbediening.
De deuren voelen stevig aan en de handvatten zijn strak weggewerkt onder en bovenin de deuren. Van binnen heeft zowel het koelgedeelte als het vriesgedeelte opvallend veel ruimte.
In de drie diepe lades van de vriezer kun je met gemak 4 broden kwijt per lade. Helaas betekent dit wel dat je de inhoud niet makkelijk kunt ordenen en kleine dingen snel onderin zoekraken.
In het koelgedeelte dat verlicht wordt door een goedkoop ogend blauw LED licht vind je twee ruime lades voor groenten en fruit. Aangezien fruit bij ons op de fruitschaal ligt, houd ik een lade over voor iets anders...zo past er bijvoorbeeld een hele krat pils in.
Al met al een mooie koel- vriescombinatie met zee√´n van ruimte zonder onnodige poespas. Oh ja, voordat ik het vergeet. Je hoort het apparaat nagenoeg niet (bij mij staat ie in de garage dus dit was voor mij geen must).
Mooie koelkast, handig!, Uiterlijk:
De koelkast/diepvries is mooi groot van formaat. De deuren zijn groot en ver genoeg te openen. De deuren zijn mat, vlekken zijn goed zichtbaar, maar eenvoudig schoon te maken met en vochtig doekje.
Geluid:
Persoonlijk vind ik de koelkast veel geluid produceren. Dit is niet extreem, maar bij een open keuken, dan hoor je de koelkast draaien.
Indeling:
De deuren zijn zoals gezegd groot van formaat en gaan ver open. Hierdoor kun je overal goed bij en grotere producten makkelijk in de koelkast plaatsen.
Nadelig is dat de koelkast/diepvries niet naar eigen smaak is in te delen. Bij de koelkast is de indeling redelijk naar mijn smaak. De diepvries is mijns inziens onhandig ingedeeld. Veel hoge ruimtes waardoor je veel op elkaar moet stapelen. In de deur van de diepvries is ook weinig opbergruimte (2 kleine bakjes) door de ijsblokjes ruimte.
Gebruik:
De koelkast deur heeft een Door-in-Door systeem en de functie van 2x kloppen om een lampje aan te maken. Deze laatste functie is wat mij betreft overbodig en wordt hier ook niet gebruikt. Ja, door de kinderen die hier over de vloer komen.
De eerste weken hebben we enorm moeten wennen aan het Door-in-Door systeem. Maar inmiddels wordt dit steeds vaker gebruikt. De koelkast hoeft hierdoor niet in zijn geheel elke keer geopend te worden, waardoor de temperatuur in de koelkast beter gehandhaafd blijft.
De dispenser voor ijsblokjes/water heeft een ingebouwd lampje, waardoor je goed kunt zien hoe vol je glas is ook dus in het donker. De dispenser lekt helaas soms wel enkele druppels na. Een opvangbakje zou hiervoor een goede oplossing zijn. Het crushed ice gaat goed, alleen vliegen die soms in het rond, ondanks het gebruik van een grote beker/glas
De koelkast heeft een   lock   systeem. Makkelijk zou je denken? Helaas is dit lock-systeem alleen voor het display, de dispenser en de koelkast kun je nog steeds gebruiken/openen.
super telefoon, Deze telefoon doet gewoon alles wat er over verteld word en geschreven geen poespas maar gewoon duidelijk en goed. Dit is al mijn derde Huawei telefoon, hiervoor samsung gehad ook tevreden over maar Huawei is mijn favoriet .
Inventum airco AC125W, Voldoet aan alle verwachtingen en heeft ook nog eens een fraai uiterlijk.
Absoluut goede waar voor mijn geld.
Uitstekende koelcapaciteit,Ondanks de kleinere koelcapaciteit van deze versus onze andere airco (12.000BTU) moet de koelcapaciteit en geluidsniveau niet onderdoen
Super Airco!, Modieuze airco, koelt super en snel! Een aanrader voor iedere thuiswerker en iedereen doe koelte wilt in de zomer maanden!
Pareltje van een tablet, De Lenovo P11 tablet heeft me echt verbaasd. De tablet blinkt uit in beeldkwaliteit (2K en perfecte kijkhoek) en geluid (4 speakers!!). Ook de processor is erg snel en de 4 GB aan geheugen zorgt ervoor dat je talloze apps gelijktijdig kunt openen en gebruiken.
Ook gesplitst scherm om bijvoorbeeld boven film/tv te kijken en onder te mailen werkt bijzonder fijn in bijvoorbeeld portraid mode.
De accu is enorm sterk en gaat in ons geval dagen mee met enkele uren gebruik per dag. Dat zit gewoon goed. Hij wordt niet warm tijdens het opladen.
Het enige waar ik me aan stoorde is dat de Ziggo app (op dit moment) slecht functioneert, deze gaat haperen. Netflix (HD), Disney+, Amazon prime en YouTube (HD) gaven geen problemen, ik denk dat dit echt aan deze versie van Ziggo lag in combinatie met deze tablet.
De P11 heeft de mogelijkheid om ambiant modus weer te geven als deze wordt opgeladen. Zo kun je makkelijk slimme producten in de woning bedienen en geeft het rustig je klok weer of je geselecteerde foto map uit google foto‚Äôs. Helaas heb ik nog niet het dock kunnen testen wat (binnenkort) beschikbaar is voor deze tablet
De tablet voelt prettig in de hand qua formaat, gewicht en ook het materiaal dat van perfecte kwaliteit is.
Wat mij betreft een echte aanrader!
Super f√∂hn, Dit is echt een geweldige f√∂hn. Het geeft extra glans aan mijn haar. De f√∂hn heeft 3 verschillende temperaturen en 2 verschillende standen qua blazen.
Bij lang haar is het snel droog. Zeer mooi design.
Solara CDC100 is Troep !,Loop recording werkt niet en de dashcam is daardoor totaal onbruikbaar ! Meerdere sd kaarten gebruikt en geformatteerd in de camera zoals Solare iedere keer aangeeft. Er is ook nergens firmware te vinden.
Perfecte allround camera die in je broekzak past, Ik heb deze camera voor de tweede keer gekocht omdat de eerste is verdwenen. Ik miste hem zo erg dat ik meteen weer een nieuwe heb gekocht bij Kamera Express. Omdat de RX 0 II op komst is ook nog eens met een flinke korting. Ik betaalde voor mijn eerste RX0 nog ‚Ç¨850 maar dat bedrag is nu al weer gedaald naar ‚Ç¨549. Een geluk bij een ongeluk...
De RX0 maakt prima foto's en doet dat een stuk beter dan je smartphone of een GoPro. Dat komt omdat de RX0 is voorzien van een 1 inch sensor. De video's die de RX0 maakt zijn ook erg goed en in slechte (donkere) lichtomstandigheden zal je versteld staan van de kwaliteit van de video's.
Door de jaren heen is de RX0 met firmware updates ook steeds beter gemaakt. Je kan hem als pro gebruiken maar hij is ook geschikt als een point and shoot camera. Als ik mensen zie klungelen met grote camera's verschijnt er altijd een glimlach op mijn gezicht. De RX0 is in staat om vrijwel vergelijkbare foto's te maken zonder dat je daarvoor allemaal hulpstukken en toetsers en bellen moet meeslapen. Als je een foto wil maken dan kan dat gewoon en je hoeft niet de hele dag te denken aan de tas met je camera die je met je meesleept. Tot slot is de RX0 ook nog eens waterdicht zodat je in alle omstandigheden altijd een foto of video kan maken.
De RX0 is geen actiecamera zoals een GoPro maar meer een volwaardige camera in een klein jasje. Bijzonder dat Sony dit soort camera's maakt en ik ben er heel blij mee.
Goede prijs kwaliteit verhouding, Sony
Design
Het design van de soundbar is prima. Het had wat minder diep gemogen zodat deze ook goed aan zou sluiten bij een TV die op een standaard staat. Aan de andere kant is er ook een optie om het op te hangen aan de muur.
De subwoofer blijft een groot en lomp ding, dus moeilijk weg te werken in een interieur
Geluidskwaliteit
De geluidskwaliteit is prima. Het geluid verspreid zich goed door de ruimte. De subwoofer maakt soms een brommend geluid. Afhankelijk van wat je op dat moment luistert kan dit storend zijn. De verschillende opties in geluid zijn prima en maken degelijk verschil als ze gebruikt worden.
Connecty
Het apparaat is zo aan te sluiten. Jammer dat er geen HDMI kabel bij geleverd wordt. Binnen enkele minuten is het apparaat klaar om gebruikt te worden. Een kind kan de was doen.
Conclusie
Prima apparaat en prima prijs kwaliteit verhouding. De eerste soundbar die wij gebruiken, dus geen vergelijkingsmateriaal.
Geweldige Smartphone, De Alcatel 3X 128 GB is een mooi toestel, voelt erg premium aan en het design is geweldig. Alcatel heeft zijn best gedaan te investeren in wat de gebruikers willen: Lange Batterij, betere camera's, veel geheugen etc.
Het toestel ligt fijn in de handen en heeft een fijne camera en flitster. De batterij gaat lang mee en de vinger scan werkt perfect. De opslagcapaciteit is ernorm erg handig voor de kids die veel spellen willen downloaden.
Het toestel is goedkoop in aanschaf en met al een aanrader voor iedereen die veel geheugencapaciteit en lange batterij wil voor een niet al te dure prijs.
Zeer goede Hifi receiver, Heb de receiver nu 1,5 week in huis, en ben zeer tevreden.
tegelijk aangeschaft met Fyne Audio F501 en center F500C.
De speakers werden later geleverd dan de receiver, maar zelfs met mijn oude JBL scs178 was dit al een heel verschil.
Zowel stereo als surround film geluid is geweldig!
Samen met de fyne Audio's is het helemaal een verademing.
Echt een aanrader als je een Hifi  versterker voor muziek  wilt die ook fantastisch is voor film.
Handige baardtrimmer, Het trimmen van de baard gaat via dit toestel vlekkeloos. Deze All-in-one Trimmer 7 is trouwens een totaalproduct om al je lichaamshaar te verzorgen. Het trimmen geregeld worden tussen 3 en 21 cm via twee opzetkammen. Voor het meer preciewerk zijn er nog twee apparte koppen bijgeleverd, die makkelijk te plaatsen zijn. Voor de gedeeltes die helemaal glad mogen, kan dat via het meegeleverde Gilette Fusion manueel scheermes. Ik kreeg niet het gevoel dat de haartjes bleven vasthangen in het apparaat, waardoor ik vlekkeloos het apparaat vrij kon bewegen doorheen de beharing. De 5 minuten Charge vind ikzelf een handige functie voor wanneer je toch bij een ontladen apparaat weer vlug aan de slag kan. Maar heel vaak opladen hoeft niet, aangezien het apparaat ongeveer 100 min werkt na het volledig opladen van de batterijen (1 uur oplaadtijd). Het borst en ander lichaamshaar wordt vlekkeloos gladgeschoren via de body Grooming kop. De huid voelde nadien ook niet geirriteerd aan, wat je niet van de meeste andere toestellen kan zeggen. Er wordt ook een handig opbergtasje meegeleverd zodat je het apparaat makkelijk kan meenemen op reis. Ik kan dit apparaat zeker aanraden.
Prachtig geluid !, Op zoek naar een wireless hoofdtelefoon met ANC met hoogstaand geluid door HiFi Klubben het advies gekregen deze te proberen. Dat was een goed advies, meteen gekocht.
In mijn mening is de beste hoofdtelefoon bedraad met een   open   oorschelp.
Echter in de wereld van Bluetooth met ANC met geweldig geluid is naar mijn mening dit de beste.
De Dali IO-6 heeft een mooie   harde   hoes, audio en usb laadkabel, duidelijke knoppen en een aan/uit schakelaar. Hij is zwaar (voor mij geen probleem, voelt premium), degelijk gebouwd en de knoppen zijn makkelijk te vinden op de tast. De schelpen worden tegen je oren aangeduwd (wederom geen probleem voor mij) en dat is even wennen. Hierdoor sluit je wel meteen veel geluid van buitenaf uit. En daar bovenop dan de ANC (anti noise canceling) of  transparancy mode (waardoor je buitengeluid juist wel hoort). De ANC is niet de allerbeste in de markt maar werkt uitstekend. Transparency werkt ook goed met een naturel geluid. Verder is de accu sterk, met en zonder ANC 30 uur (dit moet ik nog controleren). Geluid blijft gelijk met ANC aan of uit.
Maar dan het belangrijkste voor mij, het geluid
Dit is een hoofdtefoon voor liefhebbers. Voor heel hard geluid met een bas die tegen je oren aanslaat moet je deze niet hebben. Deze heeft een mooi gebalanceerd geluid. Je hoort alles, niets te hard of te zacht. je hoort ook waar het geluid vandaan komt ( bijvoorbeeld linksvoor een gitaar, rechts een piano, achter de drums en in het midden de vocalen) . Hierdoor kun je langere tijd luisteren zonder dat het vermoeiend wordt. Deze hoofdtelefoon is geschikt voor alle soorten muziek. Ook is er een mooie ruimte in het geluid. Het geluid komt niet alleen van links en rechts, maar meer om je heen. Dit geeft een realistisch geluid. Echt een aanrader.
Mocht de prijs te hoog zijn kun je kiezen voor de Dali IO-4. Deze is honderd euro goedkoper en mist alleen de ANC/transparency mode. Omdat de schelpen goed klemmen heb je al weinig geluid van buitenaf.
En met de ANC aan voel ik na verloop van tijd wel wat druk op mijn oren, dus deze heb ik standaard uit staan. Ik ga dit alleen gebruiken in de trein of vliegtuig. Maar ik heb deze gekocht voor thuis om van mooie kwaliteit muziek te genieten. En daar is de Dali IO-6 geweldig voor !
Als je de hoofdtelefoon afzet speelt de muziek door. Je moet dit zelf aan/uitzetten. Ook is er geen app dus ook geen equalizer. Jammer maar geen probleem. Het geluid is al prachtig.
Ik heb deze nu 3 weken, dus over duurzaamheid kan ik niets zeggen.
Ben je op zoek naar een ANC wireless hoofdtelefoon met de nadruk op mooi geluid, probeer deze dan ook !
Slecht, Nu bijna 2 jaar in ons bezit.
Aangeschaft op aanraden van de verkoper in de Mediamarkt. Dit apparaat zou uitstekend zijn met 3 katten en een hond..allemaal langharig..üòí
Na 3 maanden begaf het roterende kruimelzuiger opzuigstuk het...gebeld en netjes een nieuwe gekregen.
Weer wat later ging dit onderdeel weer stuk. Weigerde te draaien dus nutteloos. Weer gebeld..weer nieuwe gehad.
Toen op een mooie zomerdag zei het roterende grondzuigopzetstuk..doe het zelf maar..
Weer gebeld..nieuwe gekregen.
Voor de duidelijkheid..na elke zuigbeurt reinig ik de borstels..haal ik de haren eruit.
Wil ik gisteren mijn bank stofzuigen omdat er met 4 verharende terroristen een vachtje over hangt weigert de roterende handzuiger...weer...üò§
Uiteindelijk mijn oude vertrouwde Miele weer uit de kast getrokken. Deze is dan wel niet zo wendbaar of draadloos..maar laat me nooit in de steek.
Mijn conclusie..nooit geen Dyson meer!
iOS naar Android met de P30. Super camera en top accuduur.,Ik ben al jaren een iPhone gebruiker geweest. Toen de scherm van mijn iPhone X kapot ging besloot ik de Huawei P30 aan te schaffen. Wat een verademing!
Supercamera, Heb weer een Huawei gekocht vanwege de camera
En op aanraden van mijn zoon
Die hem ook heeft
Het is dus mijn tweede huawei
Ben er erg blij mee
Mooi scherm, overzichtelijk en die foto's..geweldig, De huawei p30 is echt geweldig. Flink wat geheugen, batterij gaat hij mij bijna 3 dagen mee. Het geluid valt een beetje tegen, maar zeker niet hinderlijk. Hoe de camera werkt, was voor mij even uitzoeken, maar wat maakt de p30 geweldige foto's! Ben er echt blij mee!!
Koelt uitstekend!, De kwaliteit, prijs en 5 jaar garantie en de positieve reviews trokken ons over de streep. Inderdaad een zeer goed koelende airco die onze woonkamer v 120 kubieke meter snel afkoelt. Het geluidsniveau vinden we meevallen. Aanrader!
Airco AC901B van Inventum,De airco van Inventum is compact en doet wat er vermeld staat verder is de prijs ok√© en ook nog eens 5 jaar garantie dat geeft wel aan dat dit een betrouwbaar product is van Inventum.
zeer mooie airco, koelt beter dan verwacht, mooie prijs kwaliteit verhouding, 9000btu vind je niet voor deze prijs en goed bekend merk. koelt meer af dan alleen de kamer als je de deur open laat,
Inventum mobiele airco, Erg tevreden over de Inventum airco.Mooi om te zien en werkt perfect.Goede kwaliteit!!
Ook de meegeleverde accessoires passen precies en alles past.
Mooi en compact apparaat, Ik was op zoek naar een goede baardtrimmer om mijn baard netjes bij te houden tijdens de corona periode, dat is gelukt. Wat een fijn apparaat met veel extra accesoires waardoor van alles mogelijk is. Heel fijn dat er ook veel accesoires bij zitten waardoor voor ieder wat wils is. Het is een mooi en compact scheerapparaat.
Mooie TV met strak beeld,Deze tv nu een aantal weken in bezit maar het beeld is super mooi. Je ziet alle details en mist niks meer. De kleurbalans is zeer goed. Ook om me te gamen is deze tv perfect. Enige minpuntje is de afstandsbediening. Deze is mooi om te zien met heel weinig knoppen en daar zit ook het minpunt in dat het even zoeken is hoed alles te bedienen is. Maar in totaal is deze tv zeker een aanrader.
Superscherp beeld, Op je afstandsbediening, die er solide uitziet en voelt, zijn er maar een aantal knoppen te vinden. Zodra je het knopje indrukt met het huisje, zie je allerlei apps op je tv staan. Tijdens het film kijken kan je je beeldscherm instellingen zo aanpassen dat je ontzettend mooi beeld hebt, wat rustiger voor je ogen, maar als je een natuurfilm bekijkt, wil je misschien wel alle kleuren fel en scherp hebben. Dankzij de QLed heb je een haarscherp beeld, zulke intense kleuren dat je bijna denkt dat het niet echt is. Zwart is echt zwart en echt heel zwart, op mijn oude tv was het niet zo intens zoals het nu is.
Gamen is echt een ervaring op het scherm, de kleuren zijn echt super mooi en soms voelt de scherpte aan alsof er diepte in zit.
Nog een mooie uitvinding, zet de tv eens in ambimode. De tv ‚Äúkijkt‚Äù naar de kleur van je muur en projecteert op het scherm een soort kunstwerk in de kleuren van je muur. Uiteraard ben ik niet voor 1 gat te vangen en heb de tv verplaatst naar een andere muur, met een andere kleur.
Waanzinnig, geen idee hoe het kan, maar dit is zo tof.